0.00;10.00;0.0002;
0.00;9.80;0.0002;
0.00;9.60;0.0003;
0.00;9.40;0.0003;
0.00;9.20;0.0004;
0.00;9.00;0.0004;
0.00;8.80;0.0005;
0.00;8.60;0.0005;
0.00;8.40;0.0005;
0.00;8.20;0.0005;
0.00;8.00;0.0005;
0.00;7.80;0.0005;
0.00;7.60;0.0005;
0.00;7.40;0.0005;
0.00;7.20;0.0005;
0.00;7.00;0.0006;
0.00;6.80;0.0007;
0.00;6.60;0.0009;
0.00;6.40;0.0011;
0.00;6.20;0.0013;
0.00;6.00;0.0014;
0.00;5.80;0.0016;
0.00;5.60;0.0017;
0.00;5.40;0.0018;
0.00;5.20;0.0018;
0.00;5.00;0.0017;
0.00;4.80;0.0016;
0.00;4.60;0.0014;
0.00;4.40;0.0011;
0.00;4.20;0.0008;
0.00;4.00;0.0005;
0.00;3.80;0.0003;
0.00;3.60;0.0002;
0.00;3.40;0.0005;
0.00;3.20;0.0012;
0.00;3.00;0.0024;
0.00;2.80;0.0039;
0.00;2.60;0.0064;
0.00;2.40;0.0096;
0.00;2.20;0.0137;
0.00;2.00;0.0188;
0.00;1.80;0.0246;
0.00;1.60;0.0313;
0.00;1.40;0.0383;
0.00;1.20;0.0458;
0.00;1.00;0.0533;
0.00;0.80;0.0595;
0.00;0.60;0.0650;
0.00;0.40;0.0692;
0.00;0.20;0.0720;
0.00;0.00;0.0732;
5.00;10.00;0.0002;
5.00;9.80;0.0002;
5.00;9.60;0.0002;
5.00;9.40;0.0003;
5.00;9.20;0.0003;
5.00;9.00;0.0003;
5.00;8.80;0.0003;
5.00;8.60;0.0004;
5.00;8.40;0.0004;
5.00;8.20;0.0004;
5.00;8.00;0.0004;
5.00;7.80;0.0005;
5.00;7.60;0.0005;
5.00;7.40;0.0005;
5.00;7.20;0.0006;
5.00;7.00;0.0006;
5.00;6.80;0.0007;
5.00;6.60;0.0008;
5.00;6.40;0.0009;
5.00;6.20;0.0011;
5.00;6.00;0.0013;
5.00;5.80;0.0015;
5.00;5.60;0.0017;
5.00;5.40;0.0018;
5.00;5.20;0.0019;
5.00;5.00;0.0019;
5.00;4.80;0.0018;
5.00;4.60;0.0016;
5.00;4.40;0.0013;
5.00;4.20;0.0010;
5.00;4.00;0.0006;
5.00;3.80;0.0003;
5.00;3.60;0.0002;
5.00;3.40;0.0004;
5.00;3.20;0.0010;
5.00;3.00;0.0020;
5.00;2.80;0.0036;
5.00;2.60;0.0061;
5.00;2.40;0.0093;
5.00;2.20;0.0134;
5.00;2.00;0.0185;
5.00;1.80;0.0243;
5.00;1.60;0.0312;
5.00;1.40;0.0384;
5.00;1.20;0.0459;
5.00;1.00;0.0534;
5.00;0.80;0.0596;
5.00;0.60;0.0651;
5.00;0.40;0.0693;
5.00;0.20;0.0721;
5.00;0.00;0.0732;
10.00;10.00;0.0002;
10.00;9.80;0.0002;
10.00;9.60;0.0002;
10.00;9.40;0.0003;
10.00;9.20;0.0003;
10.00;9.00;0.0003;
10.00;8.80;0.0003;
10.00;8.60;0.0003;
10.00;8.40;0.0003;
10.00;8.20;0.0003;
10.00;8.00;0.0003;
10.00;7.80;0.0003;
10.00;7.60;0.0004;
10.00;7.40;0.0004;
10.00;7.20;0.0004;
10.00;7.00;0.0004;
10.00;6.80;0.0005;
10.00;6.60;0.0006;
10.00;6.40;0.0007;
10.00;6.20;0.0008;
10.00;6.00;0.0010;
10.00;5.80;0.0013;
10.00;5.60;0.0015;
10.00;5.40;0.0017;
10.00;5.20;0.0018;
10.00;5.00;0.0019;
10.00;4.80;0.0018;
10.00;4.60;0.0016;
10.00;4.40;0.0013;
10.00;4.20;0.0010;
10.00;4.00;0.0006;
10.00;3.80;0.0003;
10.00;3.60;0.0001;
10.00;3.40;0.0003;
10.00;3.20;0.0008;
10.00;3.00;0.0019;
10.00;2.80;0.0035;
10.00;2.60;0.0060;
10.00;2.40;0.0093;
10.00;2.20;0.0136;
10.00;2.00;0.0187;
10.00;1.80;0.0248;
10.00;1.60;0.0314;
10.00;1.40;0.0389;
10.00;1.20;0.0464;
10.00;1.00;0.0537;
10.00;0.80;0.0598;
10.00;0.60;0.0654;
10.00;0.40;0.0694;
10.00;0.20;0.0722;
10.00;0.00;0.0734;
15.00;10.00;0.0003;
15.00;9.80;0.0003;
15.00;9.60;0.0003;
15.00;9.40;0.0003;
15.00;9.20;0.0003;
15.00;9.00;0.0003;
15.00;8.80;0.0003;
15.00;8.60;0.0004;
15.00;8.40;0.0002;
15.00;8.20;0.0002;
15.00;8.00;0.0002;
15.00;7.80;0.0002;
15.00;7.60;0.0002;
15.00;7.40;0.0002;
15.00;7.20;0.0003;
15.00;7.00;0.0003;
15.00;6.80;0.0004;
15.00;6.60;0.0004;
15.00;6.40;0.0006;
15.00;6.20;0.0007;
15.00;6.00;0.0009;
15.00;5.80;0.0011;
15.00;5.60;0.0014;
15.00;5.40;0.0016;
15.00;5.20;0.0017;
15.00;5.00;0.0018;
15.00;4.80;0.0017;
15.00;4.60;0.0016;
15.00;4.40;0.0013;
15.00;4.20;0.0009;
15.00;4.00;0.0006;
15.00;3.80;0.0003;
15.00;3.60;0.0001;
15.00;3.40;0.0002;
15.00;3.20;0.0008;
15.00;3.00;0.0019;
15.00;2.80;0.0035;
15.00;2.60;0.0060;
15.00;2.40;0.0093;
15.00;2.20;0.0137;
15.00;2.00;0.0190;
15.00;1.80;0.0249;
15.00;1.60;0.0318;
15.00;1.40;0.0393;
15.00;1.20;0.0470;
15.00;1.00;0.0541;
15.00;0.80;0.0601;
15.00;0.60;0.0656;
15.00;0.40;0.0695;
15.00;0.20;0.0724;
15.00;0.00;0.0733;
20.00;10.00;0.0006;
20.00;9.80;0.0007;
20.00;9.60;0.0007;
20.00;9.40;0.0006;
20.00;9.20;0.0006;
20.00;9.00;0.0005;
20.00;8.80;0.0004;
20.00;8.60;0.0004;
20.00;8.40;0.0003;
20.00;8.20;0.0002;
20.00;8.00;0.0002;
20.00;7.80;0.0002;
20.00;7.60;0.0002;
20.00;7.40;0.0002;
20.00;7.20;0.0002;
20.00;7.00;0.0003;
20.00;6.80;0.0003;
20.00;6.60;0.0004;
20.00;6.40;0.0006;
20.00;6.20;0.0007;
20.00;6.00;0.0009;
20.00;5.80;0.0011;
20.00;5.60;0.0013;
20.00;5.40;0.0015;
20.00;5.20;0.0016;
20.00;5.00;0.0016;
20.00;4.80;0.0016;
20.00;4.60;0.0014;
20.00;4.40;0.0012;
20.00;4.20;0.0008;
20.00;4.00;0.0005;
20.00;3.80;0.0002;
20.00;3.60;0.0001;
20.00;3.40;0.0002;
20.00;3.20;0.0008;
20.00;3.00;0.0019;
20.00;2.80;0.0036;
20.00;2.60;0.0061;
20.00;2.40;0.0096;
20.00;2.20;0.0141;
20.00;2.00;0.0194;
20.00;1.80;0.0255;
20.00;1.60;0.0323;
20.00;1.40;0.0397;
20.00;1.20;0.0476;
20.00;1.00;0.0546;
20.00;0.80;0.0605;
20.00;0.60;0.0658;
20.00;0.40;0.0696;
20.00;0.20;0.0723;
20.00;0.00;0.0733;
25.00;10.00;0.0007;
25.00;9.80;0.0008;
25.00;9.60;0.0008;
25.00;9.40;0.0008;
25.00;9.20;0.0008;
25.00;9.00;0.0007;
25.00;8.80;0.0006;
25.00;8.60;0.0005;
25.00;8.40;0.0004;
25.00;8.20;0.0004;
25.00;8.00;0.0002;
25.00;7.80;0.0002;
25.00;7.60;0.0005;
25.00;7.40;0.0002;
25.00;7.20;0.0002;
25.00;7.00;0.0002;
25.00;6.80;0.0003;
25.00;6.60;0.0004;
25.00;6.40;0.0005;
25.00;6.20;0.0007;
25.00;6.00;0.0008;
25.00;5.80;0.0010;
25.00;5.60;0.0012;
25.00;5.40;0.0014;
25.00;5.20;0.0015;
25.00;5.00;0.0016;
25.00;4.80;0.0015;
25.00;4.60;0.0013;
25.00;4.40;0.0010;
25.00;4.20;0.0007;
25.00;4.00;0.0004;
25.00;3.80;0.0002;
25.00;3.60;0.0001;
25.00;3.40;0.0003;
25.00;3.20;0.0009;
25.00;3.00;0.0020;
25.00;2.80;0.0038;
25.00;2.60;0.0065;
25.00;2.40;0.0101;
25.00;2.20;0.0146;
25.00;2.00;0.0201;
25.00;1.80;0.0263;
25.00;1.60;0.0331;
25.00;1.40;0.0404;
25.00;1.20;0.0481;
25.00;1.00;0.0552;
25.00;0.80;0.0611;
25.00;0.60;0.0660;
25.00;0.40;0.0698;
25.00;0.20;0.0728;
25.00;0.00;0.0733;
30.00;10.00;0.0004;
30.00;9.80;0.0005;
30.00;9.60;0.0005;
30.00;9.40;0.0005;
30.00;9.20;0.0005;
30.00;9.00;0.0005;
30.00;8.80;0.0005;
30.00;8.60;0.0005;
30.00;8.40;0.0005;
30.00;8.20;0.0004;
30.00;8.00;0.0004;
30.00;7.80;0.0003;
30.00;7.60;0.0003;
30.00;7.40;0.0002;
30.00;7.20;0.0002;
30.00;7.00;0.0002;
30.00;6.80;0.0003;
30.00;6.60;0.0003;
30.00;6.40;0.0004;
30.00;6.20;0.0006;
30.00;6.00;0.0007;
30.00;5.80;0.0009;
30.00;5.60;0.0011;
30.00;5.40;0.0013;
30.00;5.20;0.0014;
30.00;5.00;0.0014;
30.00;4.80;0.0014;
30.00;4.60;0.0012;
30.00;4.40;0.0010;
30.00;4.20;0.0007;
30.00;4.00;0.0003;
30.00;3.80;0.0001;
30.00;3.60;0.0001;
30.00;3.40;0.0004;
30.00;3.20;0.0012;
30.00;3.00;0.0024;
30.00;2.80;0.0043;
30.00;2.60;0.0071;
30.00;2.40;0.0107;
30.00;2.20;0.0153;
30.00;2.00;0.0208;
30.00;1.80;0.0272;
30.00;1.60;0.0340;
30.00;1.40;0.0411;
30.00;1.20;0.0488;
30.00;1.00;0.0557;
30.00;0.80;0.0616;
30.00;0.60;0.0664;
30.00;0.40;0.0700;
30.00;0.20;0.0725;
30.00;0.00;0.0732;
35.00;10.00;0.0003;
35.00;9.80;0.0003;
35.00;9.60;0.0003;
35.00;9.40;0.0003;
35.00;9.20;0.0003;
35.00;9.00;0.0003;
35.00;8.80;0.0003;
35.00;8.60;0.0004;
35.00;8.40;0.0004;
35.00;8.20;0.0004;
35.00;8.00;0.0005;
35.00;7.80;0.0004;
35.00;7.60;0.0004;
35.00;7.40;0.0004;
35.00;7.20;0.0003;
35.00;7.00;0.0003;
35.00;6.80;0.0003;
35.00;6.60;0.0003;
35.00;6.40;0.0004;
35.00;6.20;0.0005;
35.00;6.00;0.0006;
35.00;5.80;0.0008;
35.00;5.60;0.0010;
35.00;5.40;0.0012;
35.00;5.20;0.0013;
35.00;5.00;0.0014;
35.00;4.80;0.0013;
35.00;4.60;0.0012;
35.00;4.40;0.0009;
35.00;4.20;0.0006;
35.00;4.00;0.0003;
35.00;3.80;0.0001;
35.00;3.60;0.0002;
35.00;3.40;0.0006;
35.00;3.20;0.0014;
35.00;3.00;0.0028;
35.00;2.80;0.0048;
35.00;2.60;0.0077;
35.00;2.40;0.0115;
35.00;2.20;0.0162;
35.00;2.00;0.0218;
35.00;1.80;0.0281;
35.00;1.60;0.0349;
35.00;1.40;0.0421;
35.00;1.20;0.0495;
35.00;1.00;0.0562;
35.00;0.80;0.0620;
35.00;0.60;0.0667;
35.00;0.40;0.0701;
35.00;0.20;0.0724;
35.00;0.00;0.0732;
40.00;10.00;0.0003;
40.00;9.80;0.0003;
40.00;9.60;0.0003;
40.00;9.40;0.0003;
40.00;9.20;0.0002;
40.00;9.00;0.0002;
40.00;8.80;0.0002;
40.00;8.60;0.0002;
40.00;8.40;0.0002;
40.00;8.20;0.0002;
40.00;8.00;0.0003;
40.00;7.80;0.0003;
40.00;7.60;0.0005;
40.00;7.40;0.0003;
40.00;7.20;0.0003;
40.00;7.00;0.0003;
40.00;6.80;0.0003;
40.00;6.60;0.0003;
40.00;6.40;0.0004;
40.00;6.20;0.0005;
40.00;6.00;0.0006;
40.00;5.80;0.0008;
40.00;5.60;0.0009;
40.00;5.40;0.0011;
40.00;5.20;0.0013;
40.00;5.00;0.0013;
40.00;4.80;0.0013;
40.00;4.60;0.0011;
40.00;4.40;0.0009;
40.00;4.20;0.0006;
40.00;4.00;0.0003;
40.00;3.80;0.0001;
40.00;3.60;0.0002;
40.00;3.40;0.0007;
40.00;3.20;0.0016;
40.00;3.00;0.0031;
40.00;2.80;0.0053;
40.00;2.60;0.0084;
40.00;2.40;0.0122;
40.00;2.20;0.0170;
40.00;2.00;0.0226;
40.00;1.80;0.0289;
40.00;1.60;0.0358;
40.00;1.40;0.0430;
40.00;1.20;0.0501;
40.00;1.00;0.0568;
40.00;0.80;0.0625;
40.00;0.60;0.0671;
40.00;0.40;0.0704;
40.00;0.20;0.0726;
40.00;0.00;0.0733;
45.00;10.00;0.0003;
45.00;9.80;0.0002;
45.00;9.60;0.0002;
45.00;9.40;0.0002;
45.00;9.20;0.0002;
45.00;9.00;0.0002;
45.00;8.80;0.0001;
45.00;8.60;0.0001;
45.00;8.40;0.0002;
45.00;8.20;0.0002;
45.00;8.00;0.0002;
45.00;7.80;0.0002;
45.00;7.60;0.0002;
45.00;7.40;0.0003;
45.00;7.20;0.0003;
45.00;7.00;0.0003;
45.00;6.80;0.0003;
45.00;6.60;0.0003;
45.00;6.40;0.0004;
45.00;6.20;0.0005;
45.00;6.00;0.0006;
45.00;5.80;0.0008;
45.00;5.60;0.0010;
45.00;5.40;0.0012;
45.00;5.20;0.0013;
45.00;5.00;0.0014;
45.00;4.80;0.0014;
45.00;4.60;0.0012;
45.00;4.40;0.0010;
45.00;4.20;0.0006;
45.00;4.00;0.0003;
45.00;3.80;0.0001;
45.00;3.60;0.0002;
45.00;3.40;0.0007;
45.00;3.20;0.0016;
45.00;3.00;0.0032;
45.00;2.80;0.0056;
45.00;2.60;0.0088;
45.00;2.40;0.0128;
45.00;2.20;0.0177;
45.00;2.00;0.0233;
45.00;1.80;0.0296;
45.00;1.60;0.0366;
45.00;1.40;0.0437;
45.00;1.20;0.0507;
45.00;1.00;0.0572;
45.00;0.80;0.0629;
45.00;0.60;0.0674;
45.00;0.40;0.0706;
45.00;0.20;0.0726;
45.00;0.00;0.0733;
50.00;10.00;0.0003;
50.00;9.80;0.0002;
50.00;9.60;0.0002;
50.00;9.40;0.0002;
50.00;9.20;0.0002;
50.00;9.00;0.0002;
50.00;8.80;0.0002;
50.00;8.60;0.0002;
50.00;8.40;0.0002;
50.00;8.20;0.0002;
50.00;8.00;0.0002;
50.00;7.80;0.0002;
50.00;7.60;0.0002;
50.00;7.40;0.0002;
50.00;7.20;0.0003;
50.00;7.00;0.0003;
50.00;6.80;0.0003;
50.00;6.60;0.0004;
50.00;6.40;0.0004;
50.00;6.20;0.0005;
50.00;6.00;0.0007;
50.00;5.80;0.0009;
50.00;5.60;0.0011;
50.00;5.40;0.0013;
50.00;5.20;0.0015;
50.00;5.00;0.0017;
50.00;4.80;0.0016;
50.00;4.60;0.0015;
50.00;4.40;0.0012;
50.00;4.20;0.0008;
50.00;4.00;0.0004;
50.00;3.80;0.0002;
50.00;3.60;0.0001;
50.00;3.40;0.0005;
50.00;3.20;0.0015;
50.00;3.00;0.0032;
50.00;2.80;0.0056;
50.00;2.60;0.0088;
50.00;2.40;0.0130;
50.00;2.20;0.0179;
50.00;2.00;0.0237;
50.00;1.80;0.0302;
50.00;1.60;0.0372;
50.00;1.40;0.0443;
50.00;1.20;0.0512;
50.00;1.00;0.0577;
50.00;0.80;0.0633;
50.00;0.60;0.0676;
50.00;0.40;0.0707;
50.00;0.20;0.0726;
50.00;0.00;0.0732;
55.00;10.00;0.0001;
55.00;9.80;0.0002;
55.00;9.60;0.0001;
55.00;9.40;0.0002;
55.00;9.20;0.0002;
55.00;9.00;0.0002;
55.00;8.80;0.0002;
55.00;8.60;0.0002;
55.00;8.40;0.0002;
55.00;8.20;0.0002;
55.00;8.00;0.0002;
55.00;7.80;0.0002;
55.00;7.60;0.0002;
55.00;7.40;0.0002;
55.00;7.20;0.0002;
55.00;7.00;0.0002;
55.00;6.80;0.0002;
55.00;6.60;0.0003;
55.00;6.40;0.0004;
55.00;6.20;0.0005;
55.00;6.00;0.0007;
55.00;5.80;0.0009;
55.00;5.60;0.0011;
55.00;5.40;0.0014;
55.00;5.20;0.0017;
55.00;5.00;0.0018;
55.00;4.80;0.0019;
55.00;4.60;0.0018;
55.00;4.40;0.0016;
55.00;4.20;0.0011;
55.00;4.00;0.0007;
55.00;3.80;0.0003;
55.00;3.60;0.0002;
55.00;3.40;0.0004;
55.00;3.20;0.0013;
55.00;3.00;0.0029;
55.00;2.80;0.0053;
55.00;2.60;0.0087;
55.00;2.40;0.0128;
55.00;2.20;0.0180;
55.00;2.00;0.0238;
55.00;1.80;0.0306;
55.00;1.60;0.0376;
55.00;1.40;0.0446;
55.00;1.20;0.0516;
55.00;1.00;0.0581;
55.00;0.80;0.0635;
55.00;0.60;0.0677;
55.00;0.40;0.0708;
55.00;0.20;0.0727;
55.00;0.00;0.0732;
60.00;10.00;0.0001;
60.00;9.80;0.0000;
60.00;9.60;0.0001;
60.00;9.40;0.0001;
60.00;9.20;0.0001;
60.00;9.00;0.0001;
60.00;8.80;0.0002;
60.00;8.60;0.0002;
60.00;8.40;0.0002;
60.00;8.20;0.0002;
60.00;8.00;0.0002;
60.00;7.80;0.0002;
60.00;7.60;0.0002;
60.00;7.40;0.0001;
60.00;7.20;0.0001;
60.00;7.00;0.0001;
60.00;6.80;0.0002;
60.00;6.60;0.0002;
60.00;6.40;0.0003;
60.00;6.20;0.0004;
60.00;6.00;0.0005;
60.00;5.80;0.0007;
60.00;5.60;0.0010;
60.00;5.40;0.0013;
60.00;5.20;0.0016;
60.00;5.00;0.0018;
60.00;4.80;0.0020;
60.00;4.60;0.0020;
60.00;4.40;0.0018;
60.00;4.20;0.0014;
60.00;4.00;0.0009;
60.00;3.80;0.0005;
60.00;3.60;0.0003;
60.00;3.40;0.0005;
60.00;3.20;0.0012;
60.00;3.00;0.0026;
60.00;2.80;0.0050;
60.00;2.60;0.0083;
60.00;2.40;0.0126;
60.00;2.20;0.0178;
60.00;2.00;0.0238;
60.00;1.80;0.0306;
60.00;1.60;0.0377;
60.00;1.40;0.0448;
60.00;1.20;0.0518;
60.00;1.00;0.0582;
60.00;0.80;0.0637;
60.00;0.60;0.0679;
60.00;0.40;0.0709;
60.00;0.20;0.0724;
60.00;0.00;0.0732;
65.00;10.00;0.0001;
65.00;9.80;0.0001;
65.00;9.60;0.0001;
65.00;9.40;0.0001;
65.00;9.20;0.0001;
65.00;9.00;0.0001;
65.00;8.80;0.0001;
65.00;8.60;0.0002;
65.00;8.40;0.0002;
65.00;8.20;0.0002;
65.00;8.00;0.0002;
65.00;7.80;0.0002;
65.00;7.60;0.0001;
65.00;7.40;0.0001;
65.00;7.20;0.0001;
65.00;7.00;0.0001;
65.00;6.80;0.0001;
65.00;6.60;0.0002;
65.00;6.40;0.0002;
65.00;6.20;0.0003;
65.00;6.00;0.0004;
65.00;5.80;0.0006;
65.00;5.60;0.0008;
65.00;5.40;0.0010;
65.00;5.20;0.0013;
65.00;5.00;0.0015;
65.00;4.80;0.0018;
65.00;4.60;0.0019;
65.00;4.40;0.0018;
65.00;4.20;0.0015;
65.00;4.00;0.0011;
65.00;3.80;0.0007;
65.00;3.60;0.0005;
65.00;3.40;0.0006;
65.00;3.20;0.0011;
65.00;3.00;0.0024;
65.00;2.80;0.0047;
65.00;2.60;0.0079;
65.00;2.40;0.0121;
65.00;2.20;0.0174;
65.00;2.00;0.0235;
65.00;1.80;0.0304;
65.00;1.60;0.0375;
65.00;1.40;0.0448;
65.00;1.20;0.0518;
65.00;1.00;0.0583;
65.00;0.80;0.0637;
65.00;0.60;0.0679;
65.00;0.40;0.0709;
65.00;0.20;0.0728;
65.00;0.00;0.0733;
70.00;10.00;0.0001;
70.00;9.80;0.0001;
70.00;9.60;0.0001;
70.00;9.40;0.0002;
70.00;9.20;0.0002;
70.00;9.00;0.0002;
70.00;8.80;0.0002;
70.00;8.60;0.0003;
70.00;8.40;0.0002;
70.00;8.20;0.0002;
70.00;8.00;0.0002;
70.00;7.80;0.0002;
70.00;7.60;0.0002;
70.00;7.40;0.0001;
70.00;7.20;0.0001;
70.00;7.00;0.0001;
70.00;6.80;0.0001;
70.00;6.60;0.0002;
70.00;6.40;0.0002;
70.00;6.20;0.0003;
70.00;6.00;0.0004;
70.00;5.80;0.0005;
70.00;5.60;0.0007;
70.00;5.40;0.0009;
70.00;5.20;0.0011;
70.00;5.00;0.0014;
70.00;4.80;0.0016;
70.00;4.60;0.0016;
70.00;4.40;0.0017;
70.00;4.20;0.0015;
70.00;4.00;0.0011;
70.00;3.80;0.0008;
70.00;3.60;0.0006;
70.00;3.40;0.0007;
70.00;3.20;0.0012;
70.00;3.00;0.0023;
70.00;2.80;0.0040;
70.00;2.60;0.0075;
70.00;2.40;0.0117;
70.00;2.20;0.0170;
70.00;2.00;0.0231;
70.00;1.80;0.0300;
70.00;1.60;0.0372;
70.00;1.40;0.0446;
70.00;1.20;0.0517;
70.00;1.00;0.0583;
70.00;0.80;0.0637;
70.00;0.60;0.0680;
70.00;0.40;0.0710;
70.00;0.20;0.0728;
70.00;0.00;0.0732;
75.00;10.00;0.0001;
75.00;9.80;0.0001;
75.00;9.60;0.0001;
75.00;9.40;0.0001;
75.00;9.20;0.0001;
75.00;9.00;0.0002;
75.00;8.80;0.0002;
75.00;8.60;0.0003;
75.00;8.40;0.0003;
75.00;8.20;0.0003;
75.00;8.00;0.0002;
75.00;7.80;0.0002;
75.00;7.60;0.0003;
75.00;7.40;0.0001;
75.00;7.20;0.0001;
75.00;7.00;0.0001;
75.00;6.80;0.0001;
75.00;6.60;0.0001;
75.00;6.40;0.0002;
75.00;6.20;0.0003;
75.00;6.00;0.0004;
75.00;5.80;0.0006;
75.00;5.60;0.0006;
75.00;5.40;0.0008;
75.00;5.20;0.0011;
75.00;5.00;0.0013;
75.00;4.80;0.0014;
75.00;4.60;0.0015;
75.00;4.40;0.0014;
75.00;4.20;0.0013;
75.00;4.00;0.0009;
75.00;3.80;0.0007;
75.00;3.60;0.0006;
75.00;3.40;0.0008;
75.00;3.20;0.0012;
75.00;3.00;0.0023;
75.00;2.80;0.0042;
75.00;2.60;0.0072;
75.00;2.40;0.0113;
75.00;2.20;0.0165;
75.00;2.00;0.0227;
75.00;1.80;0.0295;
75.00;1.60;0.0368;
75.00;1.40;0.0443;
75.00;1.20;0.0513;
75.00;1.00;0.0580;
75.00;0.80;0.0636;
75.00;0.60;0.0680;
75.00;0.40;0.0711;
75.00;0.20;0.0724;
75.00;0.00;0.0732;
80.00;10.00;0.0001;
80.00;9.80;0.0001;
80.00;9.60;0.0001;
80.00;9.40;0.0001;
80.00;9.20;0.0001;
80.00;9.00;0.0001;
80.00;8.80;0.0001;
80.00;8.60;0.0002;
80.00;8.40;0.0002;
80.00;8.20;0.0002;
80.00;8.00;0.0002;
80.00;7.80;0.0001;
80.00;7.60;0.0001;
80.00;7.40;0.0001;
80.00;7.20;0.0001;
80.00;7.00;0.0001;
80.00;6.80;0.0001;
80.00;6.60;0.0001;
80.00;6.40;0.0002;
80.00;6.20;0.0003;
80.00;6.00;0.0004;
80.00;5.80;0.0005;
80.00;5.60;0.0007;
80.00;5.40;0.0008;
80.00;5.20;0.0010;
80.00;5.00;0.0012;
80.00;4.80;0.0013;
80.00;4.60;0.0013;
80.00;4.40;0.0013;
80.00;4.20;0.0011;
80.00;4.00;0.0009;
80.00;3.80;0.0007;
80.00;3.60;0.0006;
80.00;3.40;0.0008;
80.00;3.20;0.0013;
80.00;3.00;0.0023;
80.00;2.80;0.0042;
80.00;2.60;0.0070;
80.00;2.40;0.0110;
80.00;2.20;0.0161;
80.00;2.00;0.0221;
80.00;1.80;0.0290;
80.00;1.60;0.0363;
80.00;1.40;0.0438;
80.00;1.20;0.0509;
80.00;1.00;0.0577;
80.00;0.80;0.0634;
80.00;0.60;0.0679;
80.00;0.40;0.0711;
80.00;0.20;0.0728;
80.00;0.00;0.0732;
85.00;10.00;0.0001;
85.00;9.80;0.0001;
85.00;9.60;0.0001;
85.00;9.40;0.0001;
85.00;9.20;0.0001;
85.00;9.00;0.0001;
85.00;8.80;0.0001;
85.00;8.60;0.0002;
85.00;8.40;0.0005;
85.00;8.20;0.0002;
85.00;8.00;0.0002;
85.00;7.80;0.0001;
85.00;7.60;0.0001;
85.00;7.40;0.0001;
85.00;7.20;0.0001;
85.00;7.00;0.0001;
85.00;6.80;0.0001;
85.00;6.60;0.0002;
85.00;6.40;0.0002;
85.00;6.20;0.0003;
85.00;6.00;0.0004;
85.00;5.80;0.0006;
85.00;5.60;0.0007;
85.00;5.40;0.0009;
85.00;5.20;0.0010;
85.00;5.00;0.0011;
85.00;4.80;0.0012;
85.00;4.60;0.0012;
85.00;4.40;0.0011;
85.00;4.20;0.0010;
85.00;4.00;0.0008;
85.00;3.80;0.0006;
85.00;3.60;0.0006;
85.00;3.40;0.0008;
85.00;3.20;0.0013;
85.00;3.00;0.0024;
85.00;2.80;0.0041;
85.00;2.60;0.0069;
85.00;2.40;0.0108;
85.00;2.20;0.0157;
85.00;2.00;0.0217;
85.00;1.80;0.0284;
85.00;1.60;0.0357;
85.00;1.40;0.0433;
85.00;1.20;0.0505;
85.00;1.00;0.0577;
85.00;0.80;0.0631;
85.00;0.60;0.0678;
85.00;0.40;0.0710;
85.00;0.20;0.0728;
85.00;0.00;0.0732;
90.00;10.00;0.0001;
90.00;9.80;0.0001;
90.00;9.60;0.0002;
90.00;9.40;0.0002;
90.00;9.20;0.0002;
90.00;9.00;0.0002;
90.00;8.80;0.0002;
90.00;8.60;0.0002;
90.00;8.40;0.0002;
90.00;8.20;0.0002;
90.00;8.00;0.0001;
90.00;7.80;0.0001;
90.00;7.60;0.0001;
90.00;7.40;0.0001;
90.00;7.20;0.0001;
90.00;7.00;0.0001;
90.00;6.80;0.0001;
90.00;6.60;0.0001;
90.00;6.40;0.0002;
90.00;6.20;0.0003;
90.00;6.00;0.0004;
90.00;5.80;0.0006;
90.00;5.60;0.0007;
90.00;5.40;0.0008;
90.00;5.20;0.0010;
90.00;5.00;0.0010;
90.00;4.80;0.0011;
90.00;4.60;0.0011;
90.00;4.40;0.0010;
90.00;4.20;0.0009;
90.00;4.00;0.0006;
90.00;3.80;0.0006;
90.00;3.60;0.0006;
90.00;3.40;0.0008;
90.00;3.20;0.0014;
90.00;3.00;0.0024;
90.00;2.80;0.0042;
90.00;2.60;0.0069;
90.00;2.40;0.0106;
90.00;2.20;0.0154;
90.00;2.00;0.0212;
90.00;1.80;0.0279;
90.00;1.60;0.0351;
90.00;1.40;0.0426;
90.00;1.20;0.0500;
90.00;1.00;0.0569;
90.00;0.80;0.0628;
90.00;0.60;0.0676;
90.00;0.40;0.0711;
90.00;0.20;0.0728;
90.00;0.00;0.0732;
95.00;10.00;0.0001;
95.00;9.80;0.0001;
95.00;9.60;0.0001;
95.00;9.40;0.0002;
95.00;9.20;0.0003;
95.00;9.00;0.0003;
95.00;8.80;0.0003;
95.00;8.60;0.0003;
95.00;8.40;0.0003;
95.00;8.20;0.0002;
95.00;8.00;0.0001;
95.00;7.80;0.0001;
95.00;7.60;0.0001;
95.00;7.40;0.0001;
95.00;7.20;0.0001;
95.00;7.00;0.0001;
95.00;6.80;0.0001;
95.00;6.60;0.0001;
95.00;6.40;0.0002;
95.00;6.20;0.0003;
95.00;6.00;0.0004;
95.00;5.80;0.0006;
95.00;5.60;0.0007;
95.00;5.40;0.0009;
95.00;5.20;0.0010;
95.00;5.00;0.0010;
95.00;4.80;0.0011;
95.00;4.60;0.0011;
95.00;4.40;0.0010;
95.00;4.20;0.0009;
95.00;4.00;0.0008;
95.00;3.80;0.0007;
95.00;3.60;0.0006;
95.00;3.40;0.0009;
95.00;3.20;0.0015;
95.00;3.00;0.0025;
95.00;2.80;0.0043;
95.00;2.60;0.0069;
95.00;2.40;0.0105;
95.00;2.20;0.0152;
95.00;2.00;0.0209;
95.00;1.80;0.0274;
95.00;1.60;0.0346;
95.00;1.40;0.0421;
95.00;1.20;0.0495;
95.00;1.00;0.0564;
95.00;0.80;0.0626;
95.00;0.60;0.0674;
95.00;0.40;0.0710;
95.00;0.20;0.0728;
95.00;0.00;0.0731;
100.00;10.00;0.0001;
100.00;9.80;0.0001;
100.00;9.60;0.0001;
100.00;9.40;0.0002;
100.00;9.20;0.0003;
100.00;9.00;0.0003;
100.00;8.80;0.0004;
100.00;8.60;0.0004;
100.00;8.40;0.0003;
100.00;8.20;0.0003;
100.00;8.00;0.0002;
100.00;7.80;0.0001;
100.00;7.60;0.0001;
100.00;7.40;0.0001;
100.00;7.20;0.0001;
100.00;7.00;0.0001;
100.00;6.80;0.0001;
100.00;6.60;0.0004;
100.00;6.40;0.0003;
100.00;6.20;0.0004;
100.00;6.00;0.0005;
100.00;5.80;0.0007;
100.00;5.60;0.0008;
100.00;5.40;0.0009;
100.00;5.20;0.0010;
100.00;5.00;0.0011;
100.00;4.80;0.0014;
100.00;4.60;0.0011;
100.00;4.40;0.0010;
100.00;4.20;0.0009;
100.00;4.00;0.0008;
100.00;3.80;0.0007;
100.00;3.60;0.0007;
100.00;3.40;0.0010;
100.00;3.20;0.0015;
100.00;3.00;0.0026;
100.00;2.80;0.0043;
100.00;2.60;0.0069;
100.00;2.40;0.0104;
100.00;2.20;0.0150;
100.00;2.00;0.0205;
100.00;1.80;0.0269;
100.00;1.60;0.0340;
100.00;1.40;0.0415;
100.00;1.20;0.0489;
100.00;1.00;0.0560;
100.00;0.80;0.0622;
100.00;0.60;0.0673;
100.00;0.40;0.0708;
100.00;0.20;0.0727;
100.00;0.00;0.0731;
105.00;10.00;0.0002;
105.00;9.80;0.0002;
105.00;9.60;0.0002;
105.00;9.40;0.0003;
105.00;9.20;0.0003;
105.00;9.00;0.0003;
105.00;8.80;0.0003;
105.00;8.60;0.0003;
105.00;8.40;0.0003;
105.00;8.20;0.0003;
105.00;8.00;0.0002;
105.00;7.80;0.0002;
105.00;7.60;0.0001;
105.00;7.40;0.0001;
105.00;7.20;0.0001;
105.00;7.00;0.0001;
105.00;6.80;0.0002;
105.00;6.60;0.0003;
105.00;6.40;0.0004;
105.00;6.20;0.0005;
105.00;6.00;0.0006;
105.00;5.80;0.0008;
105.00;5.60;0.0009;
105.00;5.40;0.0011;
105.00;5.20;0.0012;
105.00;5.00;0.0012;
105.00;4.80;0.0012;
105.00;4.60;0.0012;
105.00;4.40;0.0011;
105.00;4.20;0.0010;
105.00;4.00;0.0008;
105.00;3.80;0.0007;
105.00;3.60;0.0008;
105.00;3.40;0.0010;
105.00;3.20;0.0016;
105.00;3.00;0.0027;
105.00;2.80;0.0044;
105.00;2.60;0.0069;
105.00;2.40;0.0104;
105.00;2.20;0.0148;
105.00;2.00;0.0202;
105.00;1.80;0.0265;
105.00;1.60;0.0335;
105.00;1.40;0.0408;
105.00;1.20;0.0484;
105.00;1.00;0.0554;
105.00;0.80;0.0616;
105.00;0.60;0.0670;
105.00;0.40;0.0707;
105.00;0.20;0.0728;
105.00;0.00;0.0731;
110.00;10.00;0.0002;
110.00;9.80;0.0002;
110.00;9.60;0.0003;
110.00;9.40;0.0003;
110.00;9.20;0.0003;
110.00;9.00;0.0004;
110.00;8.80;0.0004;
110.00;8.60;0.0004;
110.00;8.40;0.0004;
110.00;8.20;0.0003;
110.00;8.00;0.0003;
110.00;7.80;0.0002;
110.00;7.60;0.0001;
110.00;7.40;0.0001;
110.00;7.20;0.0001;
110.00;7.00;0.0001;
110.00;6.80;0.0002;
110.00;6.60;0.0003;
110.00;6.40;0.0005;
110.00;6.20;0.0006;
110.00;6.00;0.0008;
110.00;5.80;0.0009;
110.00;5.60;0.0011;
110.00;5.40;0.0012;
110.00;5.20;0.0013;
110.00;5.00;0.0014;
110.00;4.80;0.0014;
110.00;4.60;0.0013;
110.00;4.40;0.0012;
110.00;4.20;0.0010;
110.00;4.00;0.0009;
110.00;3.80;0.0008;
110.00;3.60;0.0008;
110.00;3.40;0.0011;
110.00;3.20;0.0017;
110.00;3.00;0.0028;
110.00;2.80;0.0045;
110.00;2.60;0.0069;
110.00;2.40;0.0103;
110.00;2.20;0.0146;
110.00;2.00;0.0198;
110.00;1.80;0.0260;
110.00;1.60;0.0329;
110.00;1.40;0.0402;
110.00;1.20;0.0477;
110.00;1.00;0.0549;
110.00;0.80;0.0615;
110.00;0.60;0.0668;
110.00;0.40;0.0705;
110.00;0.20;0.0727;
110.00;0.00;0.0731;
115.00;10.00;0.0002;
115.00;9.80;0.0002;
115.00;9.60;0.0003;
115.00;9.40;0.0003;
115.00;9.20;0.0004;
115.00;9.00;0.0004;
115.00;8.80;0.0004;
115.00;8.60;0.0005;
115.00;8.40;0.0004;
115.00;8.20;0.0004;
115.00;8.00;0.0003;
115.00;7.80;0.0003;
115.00;7.60;0.0002;
115.00;7.40;0.0001;
115.00;7.20;0.0001;
115.00;7.00;0.0001;
115.00;6.80;0.0002;
115.00;6.60;0.0003;
115.00;6.40;0.0005;
115.00;6.20;0.0006;
115.00;6.00;0.0008;
115.00;5.80;0.0010;
115.00;5.60;0.0012;
115.00;5.40;0.0014;
115.00;5.20;0.0015;
115.00;5.00;0.0015;
115.00;4.80;0.0015;
115.00;4.60;0.0014;
115.00;4.40;0.0013;
115.00;4.20;0.0011;
115.00;4.00;0.0009;
115.00;3.80;0.0008;
115.00;3.60;0.0008;
115.00;3.40;0.0010;
115.00;3.20;0.0017;
115.00;3.00;0.0028;
115.00;2.80;0.0045;
115.00;2.60;0.0069;
115.00;2.40;0.0101;
115.00;2.20;0.0144;
115.00;2.00;0.0195;
115.00;1.80;0.0255;
115.00;1.60;0.0323;
115.00;1.40;0.0396;
115.00;1.20;0.0471;
115.00;1.00;0.0544;
115.00;0.80;0.0610;
115.00;0.60;0.0665;
115.00;0.40;0.0704;
115.00;0.20;0.0728;
115.00;0.00;0.0731;
120.00;10.00;0.0003;
120.00;9.80;0.0002;
120.00;9.60;0.0002;
120.00;9.40;0.0003;
120.00;9.20;0.0004;
120.00;9.00;0.0004;
120.00;8.80;0.0005;
120.00;8.60;0.0005;
120.00;8.40;0.0005;
120.00;8.20;0.0005;
120.00;8.00;0.0004;
120.00;7.80;0.0003;
120.00;7.60;0.0002;
120.00;7.40;0.0001;
120.00;7.20;0.0001;
120.00;7.00;0.0001;
120.00;6.80;0.0002;
120.00;6.60;0.0003;
120.00;6.40;0.0006;
120.00;6.20;0.0007;
120.00;6.00;0.0009;
120.00;5.80;0.0011;
120.00;5.60;0.0013;
120.00;5.40;0.0014;
120.00;5.20;0.0016;
120.00;5.00;0.0017;
120.00;4.80;0.0016;
120.00;4.60;0.0016;
120.00;4.40;0.0014;
120.00;4.20;0.0012;
120.00;4.00;0.0010;
120.00;3.80;0.0009;
120.00;3.60;0.0009;
120.00;3.40;0.0011;
120.00;3.20;0.0017;
120.00;3.00;0.0028;
120.00;2.80;0.0044;
120.00;2.60;0.0066;
120.00;2.40;0.0099;
120.00;2.20;0.0140;
120.00;2.00;0.0191;
120.00;1.80;0.0250;
120.00;1.60;0.0318;
120.00;1.40;0.0391;
120.00;1.20;0.0466;
120.00;1.00;0.0541;
120.00;0.80;0.0607;
120.00;0.60;0.0663;
120.00;0.40;0.0703;
120.00;0.20;0.0726;
120.00;0.00;0.0731;
125.00;10.00;0.0001;
125.00;9.80;0.0002;
125.00;9.60;0.0003;
125.00;9.40;0.0003;
125.00;9.20;0.0004;
125.00;9.00;0.0005;
125.00;8.80;0.0006;
125.00;8.60;0.0006;
125.00;8.40;0.0006;
125.00;8.20;0.0006;
125.00;8.00;0.0004;
125.00;7.80;0.0005;
125.00;7.60;0.0002;
125.00;7.40;0.0001;
125.00;7.20;0.0001;
125.00;7.00;0.0001;
125.00;6.80;0.0002;
125.00;6.60;0.0003;
125.00;6.40;0.0005;
125.00;6.20;0.0007;
125.00;6.00;0.0009;
125.00;5.80;0.0012;
125.00;5.60;0.0014;
125.00;5.40;0.0016;
125.00;5.20;0.0018;
125.00;5.00;0.0018;
125.00;4.80;0.0018;
125.00;4.60;0.0017;
125.00;4.40;0.0015;
125.00;4.20;0.0013;
125.00;4.00;0.0011;
125.00;3.80;0.0009;
125.00;3.60;0.0009;
125.00;3.40;0.0011;
125.00;3.20;0.0016;
125.00;3.00;0.0026;
125.00;2.80;0.0042;
125.00;2.60;0.0065;
125.00;2.40;0.0096;
125.00;2.20;0.0137;
125.00;2.00;0.0186;
125.00;1.80;0.0245;
125.00;1.60;0.0312;
125.00;1.40;0.0385;
125.00;1.20;0.0461;
125.00;1.00;0.0536;
125.00;0.80;0.0603;
125.00;0.60;0.0660;
125.00;0.40;0.0701;
125.00;0.20;0.0726;
125.00;0.00;0.0731;
130.00;10.00;0.0002;
130.00;9.80;0.0002;
130.00;9.60;0.0003;
130.00;9.40;0.0004;
130.00;9.20;0.0005;
130.00;9.00;0.0005;
130.00;8.80;0.0006;
130.00;8.60;0.0006;
130.00;8.40;0.0006;
130.00;8.20;0.0005;
130.00;8.00;0.0005;
130.00;7.80;0.0003;
130.00;7.60;0.0002;
130.00;7.40;0.0003;
130.00;7.20;0.0001;
130.00;7.00;0.0001;
130.00;6.80;0.0002;
130.00;6.60;0.0003;
130.00;6.40;0.0005;
130.00;6.20;0.0007;
130.00;6.00;0.0010;
130.00;5.80;0.0012;
130.00;5.60;0.0015;
130.00;5.40;0.0018;
130.00;5.20;0.0020;
130.00;5.00;0.0021;
130.00;4.80;0.0021;
130.00;4.60;0.0020;
130.00;4.40;0.0017;
130.00;4.20;0.0014;
130.00;4.00;0.0011;
130.00;3.80;0.0009;
130.00;3.60;0.0008;
130.00;3.40;0.0010;
130.00;3.20;0.0015;
130.00;3.00;0.0024;
130.00;2.80;0.0039;
130.00;2.60;0.0062;
130.00;2.40;0.0092;
130.00;2.20;0.0132;
130.00;2.00;0.0181;
130.00;1.80;0.0240;
130.00;1.60;0.0307;
130.00;1.40;0.0379;
130.00;1.20;0.0455;
130.00;1.00;0.0532;
130.00;0.80;0.0600;
130.00;0.60;0.0658;
130.00;0.40;0.0700;
130.00;0.20;0.0726;
130.00;0.00;0.0729;
135.00;10.00;0.0002;
135.00;9.80;0.0002;
135.00;9.60;0.0002;
135.00;9.40;0.0003;
135.00;9.20;0.0003;
135.00;9.00;0.0004;
135.00;8.80;0.0005;
135.00;8.60;0.0005;
135.00;8.40;0.0005;
135.00;8.20;0.0005;
135.00;8.00;0.0004;
135.00;7.80;0.0004;
135.00;7.60;0.0003;
135.00;7.40;0.0002;
135.00;7.20;0.0001;
135.00;7.00;0.0001;
135.00;6.80;0.0002;
135.00;6.60;0.0003;
135.00;6.40;0.0005;
135.00;6.20;0.0007;
135.00;6.00;0.0010;
135.00;5.80;0.0014;
135.00;5.60;0.0017;
135.00;5.40;0.0020;
135.00;5.20;0.0022;
135.00;5.00;0.0023;
135.00;4.80;0.0023;
135.00;4.60;0.0022;
135.00;4.40;0.0019;
135.00;4.20;0.0016;
135.00;4.00;0.0012;
135.00;3.80;0.0009;
135.00;3.60;0.0008;
135.00;3.40;0.0009;
135.00;3.20;0.0013;
135.00;3.00;0.0021;
135.00;2.80;0.0036;
135.00;2.60;0.0058;
135.00;2.40;0.0088;
135.00;2.20;0.0127;
135.00;2.00;0.0176;
135.00;1.80;0.0234;
135.00;1.60;0.0301;
135.00;1.40;0.0374;
135.00;1.20;0.0451;
135.00;1.00;0.0528;
135.00;0.80;0.0597;
135.00;0.60;0.0656;
135.00;0.40;0.0699;
135.00;0.20;0.0725;
135.00;0.00;0.0731;
140.00;10.00;0.0003;
140.00;9.80;0.0002;
140.00;9.60;0.0002;
140.00;9.40;0.0003;
140.00;9.20;0.0004;
140.00;9.00;0.0005;
140.00;8.80;0.0005;
140.00;8.60;0.0006;
140.00;8.40;0.0006;
140.00;8.20;0.0006;
140.00;8.00;0.0006;
140.00;7.80;0.0004;
140.00;7.60;0.0004;
140.00;7.40;0.0003;
140.00;7.20;0.0002;
140.00;7.00;0.0001;
140.00;6.80;0.0002;
140.00;6.60;0.0003;
140.00;6.40;0.0005;
140.00;6.20;0.0008;
140.00;6.00;0.0011;
140.00;5.80;0.0015;
140.00;5.60;0.0019;
140.00;5.40;0.0022;
140.00;5.20;0.0024;
140.00;5.00;0.0025;
140.00;4.80;0.0025;
140.00;4.60;0.0024;
140.00;4.40;0.0022;
140.00;4.20;0.0017;
140.00;4.00;0.0013;
140.00;3.80;0.0009;
140.00;3.60;0.0007;
140.00;3.40;0.0007;
140.00;3.20;0.0010;
140.00;3.00;0.0018;
140.00;2.80;0.0033;
140.00;2.60;0.0051;
140.00;2.40;0.0084;
140.00;2.20;0.0123;
140.00;2.00;0.0172;
140.00;1.80;0.0230;
140.00;1.60;0.0297;
140.00;1.40;0.0370;
140.00;1.20;0.0447;
140.00;1.00;0.0524;
140.00;0.80;0.0594;
140.00;0.60;0.0653;
140.00;0.40;0.0698;
140.00;0.20;0.0725;
140.00;0.00;0.0730;
145.00;10.00;0.0001;
145.00;9.80;0.0002;
145.00;9.60;0.0003;
145.00;9.40;0.0004;
145.00;9.20;0.0005;
145.00;9.00;0.0006;
145.00;8.80;0.0007;
145.00;8.60;0.0008;
145.00;8.40;0.0008;
145.00;8.20;0.0008;
145.00;8.00;0.0007;
145.00;7.80;0.0006;
145.00;7.60;0.0004;
145.00;7.40;0.0003;
145.00;7.20;0.0002;
145.00;7.00;0.0001;
145.00;6.80;0.0002;
145.00;6.60;0.0003;
145.00;6.40;0.0005;
145.00;6.20;0.0008;
145.00;6.00;0.0012;
145.00;5.80;0.0016;
145.00;5.60;0.0020;
145.00;5.40;0.0023;
145.00;5.20;0.0025;
145.00;5.00;0.0027;
145.00;4.80;0.0026;
145.00;4.60;0.0025;
145.00;4.40;0.0022;
145.00;4.20;0.0018;
145.00;4.00;0.0013;
145.00;3.80;0.0009;
145.00;3.60;0.0006;
145.00;3.40;0.0006;
145.00;3.20;0.0008;
145.00;3.00;0.0016;
145.00;2.80;0.0029;
145.00;2.60;0.0050;
145.00;2.40;0.0080;
145.00;2.20;0.0118;
145.00;2.00;0.0168;
145.00;1.80;0.0226;
145.00;1.60;0.0293;
145.00;1.40;0.0367;
145.00;1.20;0.0444;
145.00;1.00;0.0520;
145.00;0.80;0.0592;
145.00;0.60;0.0652;
145.00;0.40;0.0697;
145.00;0.20;0.0725;
145.00;0.00;0.0730;
150.00;10.00;0.0001;
150.00;9.80;0.0002;
150.00;9.60;0.0003;
150.00;9.40;0.0004;
150.00;9.20;0.0005;
150.00;9.00;0.0006;
150.00;8.80;0.0007;
150.00;8.60;0.0007;
150.00;8.40;0.0007;
150.00;8.20;0.0007;
150.00;8.00;0.0006;
150.00;7.80;0.0005;
150.00;7.60;0.0004;
150.00;7.40;0.0003;
150.00;7.20;0.0002;
150.00;7.00;0.0001;
150.00;6.80;0.0002;
150.00;6.60;0.0004;
150.00;6.40;0.0006;
150.00;6.20;0.0009;
150.00;6.00;0.0012;
150.00;5.80;0.0016;
150.00;5.60;0.0019;
150.00;5.40;0.0023;
150.00;5.20;0.0024;
150.00;5.00;0.0027;
150.00;4.80;0.0026;
150.00;4.60;0.0025;
150.00;4.40;0.0022;
150.00;4.20;0.0018;
150.00;4.00;0.0014;
150.00;3.80;0.0009;
150.00;3.60;0.0006;
150.00;3.40;0.0004;
150.00;3.20;0.0007;
150.00;3.00;0.0013;
150.00;2.80;0.0027;
150.00;2.60;0.0047;
150.00;2.40;0.0077;
150.00;2.20;0.0115;
150.00;2.00;0.0164;
150.00;1.80;0.0222;
150.00;1.60;0.0290;
150.00;1.40;0.0364;
150.00;1.20;0.0439;
150.00;1.00;0.0517;
150.00;0.80;0.0590;
150.00;0.60;0.0651;
150.00;0.40;0.0696;
150.00;0.20;0.0723;
150.00;0.00;0.0731;
155.00;10.00;0.0001;
155.00;9.80;0.0002;
155.00;9.60;0.0002;
155.00;9.40;0.0003;
155.00;9.20;0.0004;
155.00;9.00;0.0004;
155.00;8.80;0.0005;
155.00;8.60;0.0005;
155.00;8.40;0.0005;
155.00;8.20;0.0006;
155.00;8.00;0.0005;
155.00;7.80;0.0004;
155.00;7.60;0.0003;
155.00;7.40;0.0003;
155.00;7.20;0.0002;
155.00;7.00;0.0002;
155.00;6.80;0.0002;
155.00;6.60;0.0003;
155.00;6.40;0.0005;
155.00;6.20;0.0007;
155.00;6.00;0.0010;
155.00;5.80;0.0014;
155.00;5.60;0.0018;
155.00;5.40;0.0021;
155.00;5.20;0.0024;
155.00;5.00;0.0026;
155.00;4.80;0.0030;
155.00;4.60;0.0025;
155.00;4.40;0.0023;
155.00;4.20;0.0018;
155.00;4.00;0.0014;
155.00;3.80;0.0009;
155.00;3.60;0.0005;
155.00;3.40;0.0003;
155.00;3.20;0.0005;
155.00;3.00;0.0012;
155.00;2.80;0.0024;
155.00;2.60;0.0045;
155.00;2.40;0.0074;
155.00;2.20;0.0113;
155.00;2.00;0.0162;
155.00;1.80;0.0221;
155.00;1.60;0.0288;
155.00;1.40;0.0361;
155.00;1.20;0.0439;
155.00;1.00;0.0516;
155.00;0.80;0.0589;
155.00;0.60;0.0651;
155.00;0.40;0.0696;
155.00;0.20;0.0724;
155.00;0.00;0.0730;
160.00;10.00;0.0001;
160.00;9.80;0.0002;
160.00;9.60;0.0005;
160.00;9.40;0.0003;
160.00;9.20;0.0003;
160.00;9.00;0.0004;
160.00;8.80;0.0004;
160.00;8.60;0.0005;
160.00;8.40;0.0005;
160.00;8.20;0.0005;
160.00;8.00;0.0005;
160.00;7.80;0.0004;
160.00;7.60;0.0004;
160.00;7.40;0.0003;
160.00;7.20;0.0002;
160.00;7.00;0.0002;
160.00;6.80;0.0002;
160.00;6.60;0.0003;
160.00;6.40;0.0004;
160.00;6.20;0.0007;
160.00;6.00;0.0009;
160.00;5.80;0.0013;
160.00;5.60;0.0016;
160.00;5.40;0.0020;
160.00;5.20;0.0023;
160.00;5.00;0.0025;
160.00;4.80;0.0026;
160.00;4.60;0.0026;
160.00;4.40;0.0023;
160.00;4.20;0.0019;
160.00;4.00;0.0013;
160.00;3.80;0.0009;
160.00;3.60;0.0005;
160.00;3.40;0.0003;
160.00;3.20;0.0004;
160.00;3.00;0.0010;
160.00;2.80;0.0023;
160.00;2.60;0.0043;
160.00;2.40;0.0073;
160.00;2.20;0.0111;
160.00;2.00;0.0160;
160.00;1.80;0.0219;
160.00;1.60;0.0286;
160.00;1.40;0.0360;
160.00;1.20;0.0437;
160.00;1.00;0.0515;
160.00;0.80;0.0588;
160.00;0.60;0.0650;
160.00;0.40;0.0695;
160.00;0.20;0.0723;
160.00;0.00;0.0730;
165.00;10.00;0.0002;
165.00;9.80;0.0002;
165.00;9.60;0.0003;
165.00;9.40;0.0003;
165.00;9.20;0.0004;
165.00;9.00;0.0004;
165.00;8.80;0.0005;
165.00;8.60;0.0005;
165.00;8.40;0.0006;
165.00;8.20;0.0006;
165.00;8.00;0.0005;
165.00;7.80;0.0005;
165.00;7.60;0.0004;
165.00;7.40;0.0005;
165.00;7.20;0.0002;
165.00;7.00;0.0002;
165.00;6.80;0.0002;
165.00;6.60;0.0003;
165.00;6.40;0.0004;
165.00;6.20;0.0006;
165.00;6.00;0.0009;
165.00;5.80;0.0012;
165.00;5.60;0.0016;
165.00;5.40;0.0019;
165.00;5.20;0.0023;
165.00;5.00;0.0025;
165.00;4.80;0.0026;
165.00;4.60;0.0026;
165.00;4.40;0.0023;
165.00;4.20;0.0019;
165.00;4.00;0.0014;
165.00;3.80;0.0009;
165.00;3.60;0.0005;
165.00;3.40;0.0002;
165.00;3.20;0.0004;
165.00;3.00;0.0010;
165.00;2.80;0.0022;
165.00;2.60;0.0043;
165.00;2.40;0.0072;
165.00;2.20;0.0111;
165.00;2.00;0.0160;
165.00;1.80;0.0219;
165.00;1.60;0.0287;
165.00;1.40;0.0360;
165.00;1.20;0.0438;
165.00;1.00;0.0516;
165.00;0.80;0.0587;
165.00;0.60;0.0649;
165.00;0.40;0.0694;
165.00;0.20;0.0723;
165.00;0.00;0.0733;
170.00;10.00;0.0001;
170.00;9.80;0.0001;
170.00;9.60;0.0002;
170.00;9.40;0.0002;
170.00;9.20;0.0003;
170.00;9.00;0.0004;
170.00;8.80;0.0004;
170.00;8.60;0.0005;
170.00;8.40;0.0005;
170.00;8.20;0.0005;
170.00;8.00;0.0005;
170.00;7.80;0.0004;
170.00;7.60;0.0003;
170.00;7.40;0.0003;
170.00;7.20;0.0002;
170.00;7.00;0.0002;
170.00;6.80;0.0002;
170.00;6.60;0.0003;
170.00;6.40;0.0004;
170.00;6.20;0.0006;
170.00;6.00;0.0008;
170.00;5.80;0.0011;
170.00;5.60;0.0015;
170.00;5.40;0.0018;
170.00;5.20;0.0022;
170.00;5.00;0.0025;
170.00;4.80;0.0026;
170.00;4.60;0.0026;
170.00;4.40;0.0024;
170.00;4.20;0.0020;
170.00;4.00;0.0015;
170.00;3.80;0.0009;
170.00;3.60;0.0004;
170.00;3.40;0.0002;
170.00;3.20;0.0003;
170.00;3.00;0.0009;
170.00;2.80;0.0022;
170.00;2.60;0.0042;
170.00;2.40;0.0072;
170.00;2.20;0.0110;
170.00;2.00;0.0159;
170.00;1.80;0.0218;
170.00;1.60;0.0286;
170.00;1.40;0.0359;
170.00;1.20;0.0437;
170.00;1.00;0.0514;
170.00;0.80;0.0586;
170.00;0.60;0.0648;
170.00;0.40;0.0693;
170.00;0.20;0.0722;
170.00;0.00;0.0730;
175.00;10.00;0.0001;
175.00;9.80;0.0001;
175.00;9.60;0.0001;
175.00;9.40;0.0002;
175.00;9.20;0.0002;
175.00;9.00;0.0003;
175.00;8.80;0.0004;
175.00;8.60;0.0004;
175.00;8.40;0.0005;
175.00;8.20;0.0005;
175.00;8.00;0.0005;
175.00;7.80;0.0004;
175.00;7.60;0.0004;
175.00;7.40;0.0003;
175.00;7.20;0.0002;
175.00;7.00;0.0002;
175.00;6.80;0.0002;
175.00;6.60;0.0002;
175.00;6.40;0.0003;
175.00;6.20;0.0004;
175.00;6.00;0.0007;
175.00;5.80;0.0009;
175.00;5.60;0.0013;
175.00;5.40;0.0017;
175.00;5.20;0.0021;
175.00;5.00;0.0024;
175.00;4.80;0.0026;
175.00;4.60;0.0026;
175.00;4.40;0.0024;
175.00;4.20;0.0020;
175.00;4.00;0.0015;
175.00;3.80;0.0009;
175.00;3.60;0.0004;
175.00;3.40;0.0002;
175.00;3.20;0.0002;
175.00;3.00;0.0009;
175.00;2.80;0.0021;
175.00;2.60;0.0042;
175.00;2.40;0.0072;
175.00;2.20;0.0111;
175.00;2.00;0.0160;
175.00;1.80;0.0219;
175.00;1.60;0.0286;
175.00;1.40;0.0360;
175.00;1.20;0.0437;
175.00;1.00;0.0513;
175.00;0.80;0.0585;
175.00;0.60;0.0647;
175.00;0.40;0.0693;
175.00;0.20;0.0723;
175.00;0.00;0.0729;
180.00;10.00;0.0001;
180.00;9.80;0.0001;
180.00;9.60;0.0001;
180.00;9.40;0.0002;
180.00;9.20;0.0002;
180.00;9.00;0.0002;
180.00;8.80;0.0003;
180.00;8.60;0.0004;
180.00;8.40;0.0005;
180.00;8.20;0.0005;
180.00;8.00;0.0005;
180.00;7.80;0.0005;
180.00;7.60;0.0004;
180.00;7.40;0.0004;
180.00;7.20;0.0003;
180.00;7.00;0.0002;
180.00;6.80;0.0002;
180.00;6.60;0.0002;
180.00;6.40;0.0002;
180.00;6.20;0.0003;
180.00;6.00;0.0005;
180.00;5.80;0.0008;
180.00;5.60;0.0012;
180.00;5.40;0.0016;
180.00;5.20;0.0020;
180.00;5.00;0.0023;
180.00;4.80;0.0026;
180.00;4.60;0.0026;
180.00;4.40;0.0024;
180.00;4.20;0.0020;
180.00;4.00;0.0015;
180.00;3.80;0.0009;
180.00;3.60;0.0004;
180.00;3.40;0.0001;
180.00;3.20;0.0002;
180.00;3.00;0.0008;
180.00;2.80;0.0021;
180.00;2.60;0.0042;
180.00;2.40;0.0072;
180.00;2.20;0.0111;
180.00;2.00;0.0159;
180.00;1.80;0.0221;
180.00;1.60;0.0287;
180.00;1.40;0.0361;
180.00;1.20;0.0438;
180.00;1.00;0.0514;
180.00;0.80;0.0584;
180.00;0.60;0.0646;
180.00;0.40;0.0692;
180.00;0.20;0.0721;
180.00;0.00;0.0730;
185.00;10.00;0.0001;
185.00;9.80;0.0001;
185.00;9.60;0.0001;
185.00;9.40;0.0001;
185.00;9.20;0.0002;
185.00;9.00;0.0002;
185.00;8.80;0.0003;
185.00;8.60;0.0003;
185.00;8.40;0.0004;
185.00;8.20;0.0005;
185.00;8.00;0.0005;
185.00;7.80;0.0005;
185.00;7.60;0.0005;
185.00;7.40;0.0005;
185.00;7.20;0.0003;
185.00;7.00;0.0002;
185.00;6.80;0.0001;
185.00;6.60;0.0001;
185.00;6.40;0.0001;
185.00;6.20;0.0002;
185.00;6.00;0.0004;
185.00;5.80;0.0007;
185.00;5.60;0.0011;
185.00;5.40;0.0015;
185.00;5.20;0.0019;
185.00;5.00;0.0023;
185.00;4.80;0.0025;
185.00;4.60;0.0026;
185.00;4.40;0.0024;
185.00;4.20;0.0020;
185.00;4.00;0.0014;
185.00;3.80;0.0009;
185.00;3.60;0.0004;
185.00;3.40;0.0001;
185.00;3.20;0.0002;
185.00;3.00;0.0008;
185.00;2.80;0.0021;
185.00;2.60;0.0041;
185.00;2.40;0.0071;
185.00;2.20;0.0111;
185.00;2.00;0.0160;
185.00;1.80;0.0220;
185.00;1.60;0.0289;
185.00;1.40;0.0362;
185.00;1.20;0.0438;
185.00;1.00;0.0512;
185.00;0.80;0.0584;
185.00;0.60;0.0646;
185.00;0.40;0.0692;
185.00;0.20;0.0721;
185.00;0.00;0.0730;
190.00;10.00;0.0001;
190.00;9.80;0.0001;
190.00;9.60;0.0001;
190.00;9.40;0.0001;
190.00;9.20;0.0002;
190.00;9.00;0.0002;
190.00;8.80;0.0002;
190.00;8.60;0.0003;
190.00;8.40;0.0003;
190.00;8.20;0.0004;
190.00;8.00;0.0006;
190.00;7.80;0.0005;
190.00;7.60;0.0004;
190.00;7.40;0.0004;
190.00;7.20;0.0003;
190.00;7.00;0.0002;
190.00;6.80;0.0001;
190.00;6.60;0.0001;
190.00;6.40;0.0001;
190.00;6.20;0.0003;
190.00;6.00;0.0004;
190.00;5.80;0.0007;
190.00;5.60;0.0011;
190.00;5.40;0.0015;
190.00;5.20;0.0019;
190.00;5.00;0.0022;
190.00;4.80;0.0025;
190.00;4.60;0.0025;
190.00;4.40;0.0023;
190.00;4.20;0.0019;
190.00;4.00;0.0014;
190.00;3.80;0.0009;
190.00;3.60;0.0004;
190.00;3.40;0.0001;
190.00;3.20;0.0002;
190.00;3.00;0.0008;
190.00;2.80;0.0020;
190.00;2.60;0.0041;
190.00;2.40;0.0071;
190.00;2.20;0.0111;
190.00;2.00;0.0161;
190.00;1.80;0.0221;
190.00;1.60;0.0290;
190.00;1.40;0.0364;
190.00;1.20;0.0441;
190.00;1.00;0.0514;
190.00;0.80;0.0584;
190.00;0.60;0.0651;
190.00;0.40;0.0692;
190.00;0.20;0.0721;
190.00;0.00;0.0729;
195.00;10.00;0.0001;
195.00;9.80;0.0001;
195.00;9.60;0.0001;
195.00;9.40;0.0001;
195.00;9.20;0.0002;
195.00;9.00;0.0002;
195.00;8.80;0.0002;
195.00;8.60;0.0003;
195.00;8.40;0.0003;
195.00;8.20;0.0004;
195.00;8.00;0.0004;
195.00;7.80;0.0004;
195.00;7.60;0.0004;
195.00;7.40;0.0004;
195.00;7.20;0.0003;
195.00;7.00;0.0002;
195.00;6.80;0.0002;
195.00;6.60;0.0001;
195.00;6.40;0.0001;
195.00;6.20;0.0002;
195.00;6.00;0.0004;
195.00;5.80;0.0007;
195.00;5.60;0.0011;
195.00;5.40;0.0015;
195.00;5.20;0.0019;
195.00;5.00;0.0022;
195.00;4.80;0.0024;
195.00;4.60;0.0024;
195.00;4.40;0.0022;
195.00;4.20;0.0019;
195.00;4.00;0.0014;
195.00;3.80;0.0008;
195.00;3.60;0.0004;
195.00;3.40;0.0001;
195.00;3.20;0.0002;
195.00;3.00;0.0008;
195.00;2.80;0.0020;
195.00;2.60;0.0041;
195.00;2.40;0.0071;
195.00;2.20;0.0112;
195.00;2.00;0.0162;
195.00;1.80;0.0222;
195.00;1.60;0.0291;
195.00;1.40;0.0366;
195.00;1.20;0.0441;
195.00;1.00;0.0515;
195.00;0.80;0.0585;
195.00;0.60;0.0646;
195.00;0.40;0.0693;
195.00;0.20;0.0721;
195.00;0.00;0.0728;
200.00;10.00;0.0001;
200.00;9.80;0.0001;
200.00;9.60;0.0001;
200.00;9.40;0.0001;
200.00;9.20;0.0002;
200.00;9.00;0.0002;
200.00;8.80;0.0002;
200.00;8.60;0.0002;
200.00;8.40;0.0003;
200.00;8.20;0.0003;
200.00;8.00;0.0003;
200.00;7.80;0.0004;
200.00;7.60;0.0004;
200.00;7.40;0.0003;
200.00;7.20;0.0003;
200.00;7.00;0.0002;
200.00;6.80;0.0001;
200.00;6.60;0.0001;
200.00;6.40;0.0001;
200.00;6.20;0.0002;
200.00;6.00;0.0005;
200.00;5.80;0.0008;
200.00;5.60;0.0011;
200.00;5.40;0.0015;
200.00;5.20;0.0018;
200.00;5.00;0.0021;
200.00;4.80;0.0022;
200.00;4.60;0.0023;
200.00;4.40;0.0021;
200.00;4.20;0.0017;
200.00;4.00;0.0013;
200.00;3.80;0.0008;
200.00;3.60;0.0003;
200.00;3.40;0.0001;
200.00;3.20;0.0002;
200.00;3.00;0.0008;
200.00;2.80;0.0021;
200.00;2.60;0.0042;
200.00;2.40;0.0072;
200.00;2.20;0.0112;
200.00;2.00;0.0163;
200.00;1.80;0.0224;
200.00;1.60;0.0293;
200.00;1.40;0.0367;
200.00;1.20;0.0442;
200.00;1.00;0.0516;
200.00;0.80;0.0585;
200.00;0.60;0.0646;
200.00;0.40;0.0693;
200.00;0.20;0.0720;
200.00;0.00;0.0730;
205.00;10.00;0.0003;
205.00;9.80;0.0003;
205.00;9.60;0.0002;
205.00;9.40;0.0002;
205.00;9.20;0.0002;
205.00;9.00;0.0002;
205.00;8.80;0.0002;
205.00;8.60;0.0002;
205.00;8.40;0.0002;
205.00;8.20;0.0003;
205.00;8.00;0.0003;
205.00;7.80;0.0003;
205.00;7.60;0.0003;
205.00;7.40;0.0003;
205.00;7.20;0.0002;
205.00;7.00;0.0002;
205.00;6.80;0.0001;
205.00;6.60;0.0001;
205.00;6.40;0.0002;
205.00;6.20;0.0003;
205.00;6.00;0.0005;
205.00;5.80;0.0008;
205.00;5.60;0.0012;
205.00;5.40;0.0015;
205.00;5.20;0.0018;
205.00;5.00;0.0021;
205.00;4.80;0.0022;
205.00;4.60;0.0021;
205.00;4.40;0.0019;
205.00;4.20;0.0017;
205.00;4.00;0.0011;
205.00;3.80;0.0007;
205.00;3.60;0.0003;
205.00;3.40;0.0001;
205.00;3.20;0.0002;
205.00;3.00;0.0009;
205.00;2.80;0.0021;
205.00;2.60;0.0042;
205.00;2.40;0.0073;
205.00;2.20;0.0113;
205.00;2.00;0.0164;
205.00;1.80;0.0226;
205.00;1.60;0.0295;
205.00;1.40;0.0368;
205.00;1.20;0.0443;
205.00;1.00;0.0516;
205.00;0.80;0.0586;
205.00;0.60;0.0646;
205.00;0.40;0.0692;
205.00;0.20;0.0719;
205.00;0.00;0.0730;
210.00;10.00;0.0004;
210.00;9.80;0.0003;
210.00;9.60;0.0003;
210.00;9.40;0.0002;
210.00;9.20;0.0002;
210.00;9.00;0.0002;
210.00;8.80;0.0002;
210.00;8.60;0.0002;
210.00;8.40;0.0003;
210.00;8.20;0.0003;
210.00;8.00;0.0003;
210.00;7.80;0.0003;
210.00;7.60;0.0003;
210.00;7.40;0.0003;
210.00;7.20;0.0005;
210.00;7.00;0.0002;
210.00;6.80;0.0001;
210.00;6.60;0.0001;
210.00;6.40;0.0002;
210.00;6.20;0.0004;
210.00;6.00;0.0006;
210.00;5.80;0.0009;
210.00;5.60;0.0012;
210.00;5.40;0.0016;
210.00;5.20;0.0018;
210.00;5.00;0.0020;
210.00;4.80;0.0021;
210.00;4.60;0.0020;
210.00;4.40;0.0018;
210.00;4.20;0.0014;
210.00;4.00;0.0010;
210.00;3.80;0.0006;
210.00;3.60;0.0002;
210.00;3.40;0.0001;
210.00;3.20;0.0003;
210.00;3.00;0.0009;
210.00;2.80;0.0023;
210.00;2.60;0.0044;
210.00;2.40;0.0074;
210.00;2.20;0.0115;
210.00;2.00;0.0167;
210.00;1.80;0.0229;
210.00;1.60;0.0296;
210.00;1.40;0.0369;
210.00;1.20;0.0444;
210.00;1.00;0.0517;
210.00;0.80;0.0586;
210.00;0.60;0.0646;
210.00;0.40;0.0693;
210.00;0.20;0.0719;
210.00;0.00;0.0729;
215.00;10.00;0.0003;
215.00;9.80;0.0003;
215.00;9.60;0.0002;
215.00;9.40;0.0002;
215.00;9.20;0.0002;
215.00;9.00;0.0002;
215.00;8.80;0.0003;
215.00;8.60;0.0003;
215.00;8.40;0.0003;
215.00;8.20;0.0004;
215.00;8.00;0.0004;
215.00;7.80;0.0004;
215.00;7.60;0.0003;
215.00;7.40;0.0003;
215.00;7.20;0.0002;
215.00;7.00;0.0002;
215.00;6.80;0.0001;
215.00;6.60;0.0002;
215.00;6.40;0.0002;
215.00;6.20;0.0004;
215.00;6.00;0.0007;
215.00;5.80;0.0009;
215.00;5.60;0.0013;
215.00;5.40;0.0016;
215.00;5.20;0.0018;
215.00;5.00;0.0020;
215.00;4.80;0.0020;
215.00;4.60;0.0019;
215.00;4.40;0.0016;
215.00;4.20;0.0013;
215.00;4.00;0.0009;
215.00;3.80;0.0005;
215.00;3.60;0.0002;
215.00;3.40;0.0001;
215.00;3.20;0.0005;
215.00;3.00;0.0011;
215.00;2.80;0.0025;
215.00;2.60;0.0046;
215.00;2.40;0.0077;
215.00;2.20;0.0118;
215.00;2.00;0.0170;
215.00;1.80;0.0230;
215.00;1.60;0.0298;
215.00;1.40;0.0370;
215.00;1.20;0.0446;
215.00;1.00;0.0518;
215.00;0.80;0.0586;
215.00;0.60;0.0646;
215.00;0.40;0.0692;
215.00;0.20;0.0719;
215.00;0.00;0.0729;
220.00;10.00;0.0004;
220.00;9.80;0.0003;
220.00;9.60;0.0003;
220.00;9.40;0.0002;
220.00;9.20;0.0002;
220.00;9.00;0.0002;
220.00;8.80;0.0002;
220.00;8.60;0.0003;
220.00;8.40;0.0003;
220.00;8.20;0.0003;
220.00;8.00;0.0003;
220.00;7.80;0.0003;
220.00;7.60;0.0003;
220.00;7.40;0.0003;
220.00;7.20;0.0002;
220.00;7.00;0.0002;
220.00;6.80;0.0002;
220.00;6.60;0.0002;
220.00;6.40;0.0004;
220.00;6.20;0.0006;
220.00;6.00;0.0008;
220.00;5.80;0.0010;
220.00;5.60;0.0013;
220.00;5.40;0.0016;
220.00;5.20;0.0018;
220.00;5.00;0.0019;
220.00;4.80;0.0019;
220.00;4.60;0.0018;
220.00;4.40;0.0015;
220.00;4.20;0.0012;
220.00;4.00;0.0008;
220.00;3.80;0.0004;
220.00;3.60;0.0002;
220.00;3.40;0.0001;
220.00;3.20;0.0005;
220.00;3.00;0.0013;
220.00;2.80;0.0027;
220.00;2.60;0.0049;
220.00;2.40;0.0079;
220.00;2.20;0.0121;
220.00;2.00;0.0172;
220.00;1.80;0.0232;
220.00;1.60;0.0300;
220.00;1.40;0.0373;
220.00;1.20;0.0447;
220.00;1.00;0.0521;
220.00;0.80;0.0587;
220.00;0.60;0.0647;
220.00;0.40;0.0691;
220.00;0.20;0.0717;
220.00;0.00;0.0729;
225.00;10.00;0.0004;
225.00;9.80;0.0003;
225.00;9.60;0.0003;
225.00;9.40;0.0002;
225.00;9.20;0.0002;
225.00;9.00;0.0002;
225.00;8.80;0.0002;
225.00;8.60;0.0002;
225.00;8.40;0.0003;
225.00;8.20;0.0003;
225.00;8.00;0.0003;
225.00;7.80;0.0003;
225.00;7.60;0.0003;
225.00;7.40;0.0002;
225.00;7.20;0.0002;
225.00;7.00;0.0002;
225.00;6.80;0.0003;
225.00;6.60;0.0003;
225.00;6.40;0.0004;
225.00;6.20;0.0006;
225.00;6.00;0.0008;
225.00;5.80;0.0011;
225.00;5.60;0.0018;
225.00;5.40;0.0016;
225.00;5.20;0.0017;
225.00;5.00;0.0018;
225.00;4.80;0.0018;
225.00;4.60;0.0017;
225.00;4.40;0.0014;
225.00;4.20;0.0011;
225.00;4.00;0.0007;
225.00;3.80;0.0004;
225.00;3.60;0.0002;
225.00;3.40;0.0002;
225.00;3.20;0.0006;
225.00;3.00;0.0014;
225.00;2.80;0.0029;
225.00;2.60;0.0051;
225.00;2.40;0.0082;
225.00;2.20;0.0123;
225.00;2.00;0.0174;
225.00;1.80;0.0235;
225.00;1.60;0.0301;
225.00;1.40;0.0375;
225.00;1.20;0.0449;
225.00;1.00;0.0522;
225.00;0.80;0.0589;
225.00;0.60;0.0647;
225.00;0.40;0.0692;
225.00;0.20;0.0718;
225.00;0.00;0.0725;
230.00;10.00;0.0002;
230.00;9.80;0.0001;
230.00;9.60;0.0001;
230.00;9.40;0.0001;
230.00;9.20;0.0001;
230.00;9.00;0.0001;
230.00;8.80;0.0002;
230.00;8.60;0.0003;
230.00;8.40;0.0003;
230.00;8.20;0.0004;
230.00;8.00;0.0004;
230.00;7.80;0.0004;
230.00;7.60;0.0003;
230.00;7.40;0.0003;
230.00;7.20;0.0002;
230.00;7.00;0.0002;
230.00;6.80;0.0002;
230.00;6.60;0.0002;
230.00;6.40;0.0003;
230.00;6.20;0.0005;
230.00;6.00;0.0007;
230.00;5.80;0.0009;
230.00;5.60;0.0012;
230.00;5.40;0.0014;
230.00;5.20;0.0015;
230.00;5.00;0.0016;
230.00;4.80;0.0016;
230.00;4.60;0.0015;
230.00;4.40;0.0013;
230.00;4.20;0.0010;
230.00;4.00;0.0007;
230.00;3.80;0.0004;
230.00;3.60;0.0002;
230.00;3.40;0.0002;
230.00;3.20;0.0007;
230.00;3.00;0.0016;
230.00;2.80;0.0031;
230.00;2.60;0.0053;
230.00;2.40;0.0085;
230.00;2.20;0.0125;
230.00;2.00;0.0176;
230.00;1.80;0.0237;
230.00;1.60;0.0304;
230.00;1.40;0.0377;
230.00;1.20;0.0452;
230.00;1.00;0.0526;
230.00;0.80;0.0591;
230.00;0.60;0.0647;
230.00;0.40;0.0690;
230.00;0.20;0.0717;
230.00;0.00;0.0730;
235.00;10.00;0.0001;
235.00;9.80;0.0002;
235.00;9.60;0.0001;
235.00;9.40;0.0001;
235.00;9.20;0.0002;
235.00;9.00;0.0002;
235.00;8.80;0.0003;
235.00;8.60;0.0004;
235.00;8.40;0.0005;
235.00;8.20;0.0005;
235.00;8.00;0.0005;
235.00;7.80;0.0005;
235.00;7.60;0.0004;
235.00;7.40;0.0003;
235.00;7.20;0.0002;
235.00;7.00;0.0001;
235.00;6.80;0.0001;
235.00;6.60;0.0002;
235.00;6.40;0.0003;
235.00;6.20;0.0004;
235.00;6.00;0.0005;
235.00;5.80;0.0007;
235.00;5.60;0.0009;
235.00;5.40;0.0011;
235.00;5.20;0.0013;
235.00;5.00;0.0014;
235.00;4.80;0.0015;
235.00;4.60;0.0014;
235.00;4.40;0.0012;
235.00;4.20;0.0010;
235.00;4.00;0.0007;
235.00;3.80;0.0004;
235.00;3.60;0.0002;
235.00;3.40;0.0003;
235.00;3.20;0.0007;
235.00;3.00;0.0016;
235.00;2.80;0.0032;
235.00;2.60;0.0055;
235.00;2.40;0.0087;
235.00;2.20;0.0128;
235.00;2.00;0.0179;
235.00;1.80;0.0240;
235.00;1.60;0.0306;
235.00;1.40;0.0379;
235.00;1.20;0.0454;
235.00;1.00;0.0525;
235.00;0.80;0.0591;
235.00;0.60;0.0647;
235.00;0.40;0.0690;
235.00;0.20;0.0715;
235.00;0.00;0.0728;
240.00;10.00;0.0001;
240.00;9.80;0.0001;
240.00;9.60;0.0001;
240.00;9.40;0.0001;
240.00;9.20;0.0004;
240.00;9.00;0.0002;
240.00;8.80;0.0002;
240.00;8.60;0.0003;
240.00;8.40;0.0003;
240.00;8.20;0.0004;
240.00;8.00;0.0004;
240.00;7.80;0.0004;
240.00;7.60;0.0003;
240.00;7.40;0.0003;
240.00;7.20;0.0002;
240.00;7.00;0.0001;
240.00;6.80;0.0001;
240.00;6.60;0.0001;
240.00;6.40;0.0002;
240.00;6.20;0.0003;
240.00;6.00;0.0005;
240.00;5.80;0.0006;
240.00;5.60;0.0008;
240.00;5.40;0.0012;
240.00;5.20;0.0012;
240.00;5.00;0.0014;
240.00;4.80;0.0014;
240.00;4.60;0.0014;
240.00;4.40;0.0012;
240.00;4.20;0.0010;
240.00;4.00;0.0007;
240.00;3.80;0.0004;
240.00;3.60;0.0003;
240.00;3.40;0.0003;
240.00;3.20;0.0008;
240.00;3.00;0.0017;
240.00;2.80;0.0033;
240.00;2.60;0.0056;
240.00;2.40;0.0089;
240.00;2.20;0.0131;
240.00;2.00;0.0182;
240.00;1.80;0.0243;
240.00;1.60;0.0310;
240.00;1.40;0.0382;
240.00;1.20;0.0454;
240.00;1.00;0.0528;
240.00;0.80;0.0591;
240.00;0.60;0.0648;
240.00;0.40;0.0690;
240.00;0.20;0.0716;
240.00;0.00;0.0728;
245.00;10.00;0.0001;
245.00;9.80;0.0001;
245.00;9.60;0.0001;
245.00;9.40;0.0001;
245.00;9.20;0.0001;
245.00;9.00;0.0001;
245.00;8.80;0.0002;
245.00;8.60;0.0002;
245.00;8.40;0.0002;
245.00;8.20;0.0002;
245.00;8.00;0.0002;
245.00;7.80;0.0002;
245.00;7.60;0.0002;
245.00;7.40;0.0002;
245.00;7.20;0.0002;
245.00;7.00;0.0001;
245.00;6.80;0.0001;
245.00;6.60;0.0001;
245.00;6.40;0.0002;
245.00;6.20;0.0003;
245.00;6.00;0.0005;
245.00;5.80;0.0006;
245.00;5.60;0.0008;
245.00;5.40;0.0010;
245.00;5.20;0.0012;
245.00;5.00;0.0014;
245.00;4.80;0.0015;
245.00;4.60;0.0014;
245.00;4.40;0.0013;
245.00;4.20;0.0010;
245.00;4.00;0.0008;
245.00;3.80;0.0005;
245.00;3.60;0.0004;
245.00;3.40;0.0004;
245.00;3.20;0.0009;
245.00;3.00;0.0018;
245.00;2.80;0.0034;
245.00;2.60;0.0058;
245.00;2.40;0.0091;
245.00;2.20;0.0134;
245.00;2.00;0.0185;
245.00;1.80;0.0246;
245.00;1.60;0.0314;
245.00;1.40;0.0384;
245.00;1.20;0.0458;
245.00;1.00;0.0530;
245.00;0.80;0.0595;
245.00;0.60;0.0648;
245.00;0.40;0.0689;
245.00;0.20;0.0715;
245.00;0.00;0.0728;
250.00;10.00;0.0001;
250.00;9.80;0.0001;
250.00;9.60;0.0001;
250.00;9.40;0.0001;
250.00;9.20;0.0001;
250.00;9.00;0.0001;
250.00;8.80;0.0001;
250.00;8.60;0.0002;
250.00;8.40;0.0002;
250.00;8.20;0.0002;
250.00;8.00;0.0002;
250.00;7.80;0.0003;
250.00;7.60;0.0002;
250.00;7.40;0.0002;
250.00;7.20;0.0002;
250.00;7.00;0.0001;
250.00;6.80;0.0001;
250.00;6.60;0.0001;
250.00;6.40;0.0003;
250.00;6.20;0.0003;
250.00;6.00;0.0006;
250.00;5.80;0.0006;
250.00;5.60;0.0009;
250.00;5.40;0.0011;
250.00;5.20;0.0013;
250.00;5.00;0.0015;
250.00;4.80;0.0015;
250.00;4.60;0.0015;
250.00;4.40;0.0014;
250.00;4.20;0.0013;
250.00;4.00;0.0009;
250.00;3.80;0.0006;
250.00;3.60;0.0005;
250.00;3.40;0.0006;
250.00;3.20;0.0010;
250.00;3.00;0.0020;
250.00;2.80;0.0036;
250.00;2.60;0.0060;
250.00;2.40;0.0094;
250.00;2.20;0.0137;
250.00;2.00;0.0190;
250.00;1.80;0.0251;
250.00;1.60;0.0319;
250.00;1.40;0.0389;
250.00;1.20;0.0462;
250.00;1.00;0.0535;
250.00;0.80;0.0597;
250.00;0.60;0.0649;
250.00;0.40;0.0689;
250.00;0.20;0.0715;
250.00;0.00;0.0728;
255.00;10.00;0.0001;
255.00;9.80;0.0001;
255.00;9.60;0.0001;
255.00;9.40;0.0001;
255.00;9.20;0.0001;
255.00;9.00;0.0001;
255.00;8.80;0.0001;
255.00;8.60;0.0001;
255.00;8.40;0.0002;
255.00;8.20;0.0002;
255.00;8.00;0.0002;
255.00;7.80;0.0002;
255.00;7.60;0.0002;
255.00;7.40;0.0002;
255.00;7.20;0.0003;
255.00;7.00;0.0001;
255.00;6.80;0.0001;
255.00;6.60;0.0001;
255.00;6.40;0.0002;
255.00;6.20;0.0003;
255.00;6.00;0.0005;
255.00;5.80;0.0007;
255.00;5.60;0.0009;
255.00;5.40;0.0010;
255.00;5.20;0.0015;
255.00;5.00;0.0016;
255.00;4.80;0.0017;
255.00;4.60;0.0017;
255.00;4.40;0.0016;
255.00;4.20;0.0013;
255.00;4.00;0.0010;
255.00;3.80;0.0008;
255.00;3.60;0.0011;
255.00;3.40;0.0007;
255.00;3.20;0.0012;
255.00;3.00;0.0022;
255.00;2.80;0.0038;
255.00;2.60;0.0063;
255.00;2.40;0.0097;
255.00;2.20;0.0141;
255.00;2.00;0.0195;
255.00;1.80;0.0256;
255.00;1.60;0.0322;
255.00;1.40;0.0393;
255.00;1.20;0.0468;
255.00;1.00;0.0539;
255.00;0.80;0.0597;
255.00;0.60;0.0650;
255.00;0.40;0.0688;
255.00;0.20;0.0715;
255.00;0.00;0.0728;
260.00;10.00;0.0002;
260.00;9.80;0.0001;
260.00;9.60;0.0001;
260.00;9.40;0.0001;
260.00;9.20;0.0001;
260.00;9.00;0.0001;
260.00;8.80;0.0001;
260.00;8.60;0.0001;
260.00;8.40;0.0002;
260.00;8.20;0.0002;
260.00;8.00;0.0002;
260.00;7.80;0.0002;
260.00;7.60;0.0002;
260.00;7.40;0.0002;
260.00;7.20;0.0002;
260.00;7.00;0.0001;
260.00;6.80;0.0001;
260.00;6.60;0.0002;
260.00;6.40;0.0002;
260.00;6.20;0.0003;
260.00;6.00;0.0005;
260.00;5.80;0.0007;
260.00;5.60;0.0010;
260.00;5.40;0.0013;
260.00;5.20;0.0016;
260.00;5.00;0.0018;
260.00;4.80;0.0018;
260.00;4.60;0.0018;
260.00;4.40;0.0017;
260.00;4.20;0.0015;
260.00;4.00;0.0012;
260.00;3.80;0.0009;
260.00;3.60;0.0008;
260.00;3.40;0.0009;
260.00;3.20;0.0014;
260.00;3.00;0.0024;
260.00;2.80;0.0041;
260.00;2.60;0.0067;
260.00;2.40;0.0102;
260.00;2.20;0.0146;
260.00;2.00;0.0201;
260.00;1.80;0.0261;
260.00;1.60;0.0326;
260.00;1.40;0.0398;
260.00;1.20;0.0470;
260.00;1.00;0.0537;
260.00;0.80;0.0597;
260.00;0.60;0.0648;
260.00;0.40;0.0688;
260.00;0.20;0.0715;
260.00;0.00;0.0729;
265.00;10.00;0.0002;
265.00;9.80;0.0001;
265.00;9.60;0.0002;
265.00;9.40;0.0001;
265.00;9.20;0.0001;
265.00;9.00;0.0001;
265.00;8.80;0.0001;
265.00;8.60;0.0002;
265.00;8.40;0.0002;
265.00;8.20;0.0002;
265.00;8.00;0.0002;
265.00;7.80;0.0002;
265.00;7.60;0.0002;
265.00;7.40;0.0003;
265.00;7.20;0.0002;
265.00;7.00;0.0002;
265.00;6.80;0.0002;
265.00;6.60;0.0002;
265.00;6.40;0.0002;
265.00;6.20;0.0003;
265.00;6.00;0.0005;
265.00;5.80;0.0007;
265.00;5.60;0.0009;
265.00;5.40;0.0012;
265.00;5.20;0.0015;
265.00;5.00;0.0017;
265.00;4.80;0.0018;
265.00;4.60;0.0018;
265.00;4.40;0.0017;
265.00;4.20;0.0015;
265.00;4.00;0.0012;
265.00;3.80;0.0010;
265.00;3.60;0.0009;
265.00;3.40;0.0011;
265.00;3.20;0.0017;
265.00;3.00;0.0028;
265.00;2.80;0.0046;
265.00;2.60;0.0072;
265.00;2.40;0.0108;
265.00;2.20;0.0153;
265.00;2.00;0.0207;
265.00;1.80;0.0267;
265.00;1.60;0.0331;
265.00;1.40;0.0402;
265.00;1.20;0.0470;
265.00;1.00;0.0537;
265.00;0.80;0.0593;
265.00;0.60;0.0647;
265.00;0.40;0.0687;
265.00;0.20;0.0714;
265.00;0.00;0.0729;
270.00;10.00;0.0001;
270.00;9.80;0.0001;
270.00;9.60;0.0001;
270.00;9.40;0.0001;
270.00;9.20;0.0001;
270.00;9.00;0.0001;
270.00;8.80;0.0002;
270.00;8.60;0.0002;
270.00;8.40;0.0002;
270.00;8.20;0.0002;
270.00;8.00;0.0003;
270.00;7.80;0.0003;
270.00;7.60;0.0003;
270.00;7.40;0.0003;
270.00;7.20;0.0003;
270.00;7.00;0.0003;
270.00;6.80;0.0003;
270.00;6.60;0.0003;
270.00;6.40;0.0003;
270.00;6.20;0.0004;
270.00;6.00;0.0005;
270.00;5.80;0.0006;
270.00;5.60;0.0008;
270.00;5.40;0.0010;
270.00;5.20;0.0012;
270.00;5.00;0.0014;
270.00;4.80;0.0015;
270.00;4.60;0.0016;
270.00;4.40;0.0015;
270.00;4.20;0.0014;
270.00;4.00;0.0012;
270.00;3.80;0.0010;
270.00;3.60;0.0010;
270.00;3.40;0.0013;
270.00;3.20;0.0019;
270.00;3.00;0.0032;
270.00;2.80;0.0051;
270.00;2.60;0.0078;
270.00;2.40;0.0115;
270.00;2.20;0.0161;
270.00;2.00;0.0214;
270.00;1.80;0.0272;
270.00;1.60;0.0337;
270.00;1.40;0.0404;
270.00;1.20;0.0471;
270.00;1.00;0.0535;
270.00;0.80;0.0593;
270.00;0.60;0.0645;
270.00;0.40;0.0687;
270.00;0.20;0.0715;
270.00;0.00;0.0729;
275.00;10.00;0.0001;
275.00;9.80;0.0001;
275.00;9.60;0.0001;
275.00;9.40;0.0001;
275.00;9.20;0.0001;
275.00;9.00;0.0002;
275.00;8.80;0.0002;
275.00;8.60;0.0005;
275.00;8.40;0.0002;
275.00;8.20;0.0003;
275.00;8.00;0.0003;
275.00;7.80;0.0003;
275.00;7.60;0.0003;
275.00;7.40;0.0002;
275.00;7.20;0.0002;
275.00;7.00;0.0002;
275.00;6.80;0.0003;
275.00;6.60;0.0002;
275.00;6.40;0.0003;
275.00;6.20;0.0004;
275.00;6.00;0.0005;
275.00;5.80;0.0006;
275.00;5.60;0.0008;
275.00;5.40;0.0009;
275.00;5.20;0.0011;
275.00;5.00;0.0012;
275.00;4.80;0.0013;
275.00;4.60;0.0014;
275.00;4.40;0.0014;
275.00;4.20;0.0012;
275.00;4.00;0.0011;
275.00;3.80;0.0010;
275.00;3.60;0.0011;
275.00;3.40;0.0014;
275.00;3.20;0.0022;
275.00;3.00;0.0035;
275.00;2.80;0.0056;
275.00;2.60;0.0085;
275.00;2.40;0.0122;
275.00;2.20;0.0168;
275.00;2.00;0.0221;
275.00;1.80;0.0278;
275.00;1.60;0.0342;
275.00;1.40;0.0406;
275.00;1.20;0.0471;
275.00;1.00;0.0534;
275.00;0.80;0.0591;
275.00;0.60;0.0645;
275.00;0.40;0.0686;
275.00;0.20;0.0713;
275.00;0.00;0.0729;
280.00;10.00;0.0001;
280.00;9.80;0.0001;
280.00;9.60;0.0001;
280.00;9.40;0.0001;
280.00;9.20;0.0001;
280.00;9.00;0.0001;
280.00;8.80;0.0002;
280.00;8.60;0.0002;
280.00;8.40;0.0002;
280.00;8.20;0.0002;
280.00;8.00;0.0002;
280.00;7.80;0.0002;
280.00;7.60;0.0002;
280.00;7.40;0.0002;
280.00;7.20;0.0001;
280.00;7.00;0.0002;
280.00;6.80;0.0002;
280.00;6.60;0.0002;
280.00;6.40;0.0003;
280.00;6.20;0.0004;
280.00;6.00;0.0005;
280.00;5.80;0.0006;
280.00;5.60;0.0008;
280.00;5.40;0.0009;
280.00;5.20;0.0010;
280.00;5.00;0.0012;
280.00;4.80;0.0012;
280.00;4.60;0.0013;
280.00;4.40;0.0012;
280.00;4.20;0.0012;
280.00;4.00;0.0011;
280.00;3.80;0.0011;
280.00;3.60;0.0012;
280.00;3.40;0.0017;
280.00;3.20;0.0026;
280.00;3.00;0.0040;
280.00;2.80;0.0061;
280.00;2.60;0.0091;
280.00;2.40;0.0127;
280.00;2.20;0.0174;
280.00;2.00;0.0226;
280.00;1.80;0.0284;
280.00;1.60;0.0346;
280.00;1.40;0.0407;
280.00;1.20;0.0473;
280.00;1.00;0.0534;
280.00;0.80;0.0591;
280.00;0.60;0.0639;
280.00;0.40;0.0686;
280.00;0.20;0.0713;
280.00;0.00;0.0728;
285.00;10.00;0.0001;
285.00;9.80;0.0001;
285.00;9.60;0.0001;
285.00;9.40;0.0001;
285.00;9.20;0.0001;
285.00;9.00;0.0001;
285.00;8.80;0.0001;
285.00;8.60;0.0001;
285.00;8.40;0.0001;
285.00;8.20;0.0001;
285.00;8.00;0.0001;
285.00;7.80;0.0001;
285.00;7.60;0.0001;
285.00;7.40;0.0001;
285.00;7.20;0.0001;
285.00;7.00;0.0001;
285.00;6.80;0.0002;
285.00;6.60;0.0002;
285.00;6.40;0.0003;
285.00;6.20;0.0004;
285.00;6.00;0.0005;
285.00;5.80;0.0006;
285.00;5.60;0.0007;
285.00;5.40;0.0009;
285.00;5.20;0.0010;
285.00;5.00;0.0011;
285.00;4.80;0.0012;
285.00;4.60;0.0012;
285.00;4.40;0.0012;
285.00;4.20;0.0011;
285.00;4.00;0.0011;
285.00;3.80;0.0012;
285.00;3.60;0.0011;
285.00;3.40;0.0020;
285.00;3.20;0.0029;
285.00;3.00;0.0045;
285.00;2.80;0.0067;
285.00;2.60;0.0096;
285.00;2.40;0.0134;
285.00;2.20;0.0178;
285.00;2.00;0.0229;
285.00;1.80;0.0287;
285.00;1.60;0.0350;
285.00;1.40;0.0408;
285.00;1.20;0.0473;
285.00;1.00;0.0534;
285.00;0.80;0.0589;
285.00;0.60;0.0642;
285.00;0.40;0.0684;
285.00;0.20;0.0714;
285.00;0.00;0.0728;
290.00;10.00;0.0001;
290.00;9.80;0.0000;
290.00;9.60;0.0000;
290.00;9.40;0.0000;
290.00;9.20;0.0001;
290.00;9.00;0.0001;
290.00;8.80;0.0001;
290.00;8.60;0.0001;
290.00;8.40;0.0001;
290.00;8.20;0.0001;
290.00;8.00;0.0001;
290.00;7.80;0.0001;
290.00;7.60;0.0001;
290.00;7.40;0.0001;
290.00;7.20;0.0001;
290.00;7.00;0.0001;
290.00;6.80;0.0002;
290.00;6.60;0.0002;
290.00;6.40;0.0003;
290.00;6.20;0.0003;
290.00;6.00;0.0004;
290.00;5.80;0.0005;
290.00;5.60;0.0007;
290.00;5.40;0.0008;
290.00;5.20;0.0009;
290.00;5.00;0.0010;
290.00;4.80;0.0011;
290.00;4.60;0.0012;
290.00;4.40;0.0012;
290.00;4.20;0.0012;
290.00;4.00;0.0012;
290.00;3.80;0.0013;
290.00;3.60;0.0016;
290.00;3.40;0.0022;
290.00;3.20;0.0033;
290.00;3.00;0.0048;
290.00;2.80;0.0072;
290.00;2.60;0.0100;
290.00;2.40;0.0136;
290.00;2.20;0.0180;
290.00;2.00;0.0231;
290.00;1.80;0.0290;
290.00;1.60;0.0350;
290.00;1.40;0.0410;
290.00;1.20;0.0472;
290.00;1.00;0.0533;
290.00;0.80;0.0588;
290.00;0.60;0.0642;
290.00;0.40;0.0683;
290.00;0.20;0.0713;
290.00;0.00;0.0728;
295.00;10.00;0.0001;
295.00;9.80;0.0001;
295.00;9.60;0.0003;
295.00;9.40;0.0000;
295.00;9.20;0.0001;
295.00;9.00;0.0001;
295.00;8.80;0.0001;
295.00;8.60;0.0001;
295.00;8.40;0.0001;
295.00;8.20;0.0001;
295.00;8.00;0.0001;
295.00;7.80;0.0001;
295.00;7.60;0.0001;
295.00;7.40;0.0001;
295.00;7.20;0.0001;
295.00;7.00;0.0001;
295.00;6.80;0.0002;
295.00;6.60;0.0002;
295.00;6.40;0.0003;
295.00;6.20;0.0003;
295.00;6.00;0.0004;
295.00;5.80;0.0006;
295.00;5.60;0.0006;
295.00;5.40;0.0007;
295.00;5.20;0.0008;
295.00;5.00;0.0010;
295.00;4.80;0.0011;
295.00;4.60;0.0011;
295.00;4.40;0.0012;
295.00;4.20;0.0012;
295.00;4.00;0.0013;
295.00;3.80;0.0015;
295.00;3.60;0.0019;
295.00;3.40;0.0026;
295.00;3.20;0.0036;
295.00;3.00;0.0052;
295.00;2.80;0.0074;
295.00;2.60;0.0102;
295.00;2.40;0.0139;
295.00;2.20;0.0182;
295.00;2.00;0.0230;
295.00;1.80;0.0289;
295.00;1.60;0.0346;
295.00;1.40;0.0409;
295.00;1.20;0.0469;
295.00;1.00;0.0529;
295.00;0.80;0.0585;
295.00;0.60;0.0642;
295.00;0.40;0.0684;
295.00;0.20;0.0713;
295.00;0.00;0.0728;
300.00;10.00;0.0002;
300.00;9.80;0.0001;
300.00;9.60;0.0001;
300.00;9.40;0.0001;
300.00;9.20;0.0001;
300.00;9.00;0.0001;
300.00;8.80;0.0001;
300.00;8.60;0.0001;
300.00;8.40;0.0002;
300.00;8.20;0.0002;
300.00;8.00;0.0001;
300.00;7.80;0.0001;
300.00;7.60;0.0001;
300.00;7.40;0.0001;
300.00;7.20;0.0001;
300.00;7.00;0.0002;
300.00;6.80;0.0002;
300.00;6.60;0.0002;
300.00;6.40;0.0003;
300.00;6.20;0.0003;
300.00;6.00;0.0003;
300.00;5.80;0.0005;
300.00;5.60;0.0005;
300.00;5.40;0.0007;
300.00;5.20;0.0008;
300.00;5.00;0.0009;
300.00;4.80;0.0010;
300.00;4.60;0.0011;
300.00;4.40;0.0013;
300.00;4.20;0.0014;
300.00;4.00;0.0015;
300.00;3.80;0.0018;
300.00;3.60;0.0021;
300.00;3.40;0.0028;
300.00;3.20;0.0039;
300.00;3.00;0.0054;
300.00;2.80;0.0076;
300.00;2.60;0.0104;
300.00;2.40;0.0141;
300.00;2.20;0.0181;
300.00;2.00;0.0228;
300.00;1.80;0.0283;
300.00;1.60;0.0343;
300.00;1.40;0.0404;
300.00;1.20;0.0465;
300.00;1.00;0.0524;
300.00;0.80;0.0584;
300.00;0.60;0.0639;
300.00;0.40;0.0682;
300.00;0.20;0.0713;
300.00;0.00;0.0728;
305.00;10.00;0.0001;
305.00;9.80;0.0001;
305.00;9.60;0.0001;
305.00;9.40;0.0001;
305.00;9.20;0.0001;
305.00;9.00;0.0001;
305.00;8.80;0.0001;
305.00;8.60;0.0002;
305.00;8.40;0.0001;
305.00;8.20;0.0001;
305.00;8.00;0.0001;
305.00;7.80;0.0001;
305.00;7.60;0.0001;
305.00;7.40;0.0001;
305.00;7.20;0.0002;
305.00;7.00;0.0002;
305.00;6.80;0.0005;
305.00;6.60;0.0003;
305.00;6.40;0.0003;
305.00;6.20;0.0003;
305.00;6.00;0.0004;
305.00;5.80;0.0005;
305.00;5.60;0.0006;
305.00;5.40;0.0008;
305.00;5.20;0.0009;
305.00;5.00;0.0011;
305.00;4.80;0.0011;
305.00;4.60;0.0012;
305.00;4.40;0.0013;
305.00;4.20;0.0014;
305.00;4.00;0.0016;
305.00;3.80;0.0019;
305.00;3.60;0.0023;
305.00;3.40;0.0030;
305.00;3.20;0.0040;
305.00;3.00;0.0056;
305.00;2.80;0.0078;
305.00;2.60;0.0104;
305.00;2.40;0.0138;
305.00;2.20;0.0178;
305.00;2.00;0.0225;
305.00;1.80;0.0277;
305.00;1.60;0.0338;
305.00;1.40;0.0401;
305.00;1.20;0.0463;
305.00;1.00;0.0521;
305.00;0.80;0.0581;
305.00;0.60;0.0637;
305.00;0.40;0.0682;
305.00;0.20;0.0713;
305.00;0.00;0.0729;
310.00;10.00;0.0001;
310.00;9.80;0.0002;
310.00;9.60;0.0001;
310.00;9.40;0.0001;
310.00;9.20;0.0001;
310.00;9.00;0.0001;
310.00;8.80;0.0001;
310.00;8.60;0.0001;
310.00;8.40;0.0001;
310.00;8.20;0.0001;
310.00;8.00;0.0000;
310.00;7.80;0.0001;
310.00;7.60;0.0001;
310.00;7.40;0.0001;
310.00;7.20;0.0002;
310.00;7.00;0.0002;
310.00;6.80;0.0003;
310.00;6.60;0.0003;
310.00;6.40;0.0003;
310.00;6.20;0.0004;
310.00;6.00;0.0005;
310.00;5.80;0.0006;
310.00;5.60;0.0008;
310.00;5.40;0.0010;
310.00;5.20;0.0011;
310.00;5.00;0.0012;
310.00;4.80;0.0012;
310.00;4.60;0.0012;
310.00;4.40;0.0013;
310.00;4.20;0.0013;
310.00;4.00;0.0015;
310.00;3.80;0.0018;
310.00;3.60;0.0023;
310.00;3.40;0.0030;
310.00;3.20;0.0040;
310.00;3.00;0.0057;
310.00;2.80;0.0077;
310.00;2.60;0.0104;
310.00;2.40;0.0134;
310.00;2.20;0.0176;
310.00;2.00;0.0221;
310.00;1.80;0.0272;
310.00;1.60;0.0332;
310.00;1.40;0.0397;
310.00;1.20;0.0462;
310.00;1.00;0.0520;
310.00;0.80;0.0580;
310.00;0.60;0.0635;
310.00;0.40;0.0681;
310.00;0.20;0.0713;
310.00;0.00;0.0728;
315.00;10.00;0.0001;
315.00;9.80;0.0001;
315.00;9.60;0.0001;
315.00;9.40;0.0001;
315.00;9.20;0.0001;
315.00;9.00;0.0001;
315.00;8.80;0.0001;
315.00;8.60;0.0001;
315.00;8.40;0.0001;
315.00;8.20;0.0001;
315.00;8.00;0.0001;
315.00;7.80;0.0001;
315.00;7.60;0.0001;
315.00;7.40;0.0001;
315.00;7.20;0.0001;
315.00;7.00;0.0002;
315.00;6.80;0.0002;
315.00;6.60;0.0003;
315.00;6.40;0.0004;
315.00;6.20;0.0005;
315.00;6.00;0.0006;
315.00;5.80;0.0008;
315.00;5.60;0.0010;
315.00;5.40;0.0011;
315.00;5.20;0.0012;
315.00;5.00;0.0013;
315.00;4.80;0.0013;
315.00;4.60;0.0012;
315.00;4.40;0.0012;
315.00;4.20;0.0012;
315.00;4.00;0.0013;
315.00;3.80;0.0016;
315.00;3.60;0.0020;
315.00;3.40;0.0028;
315.00;3.20;0.0039;
315.00;3.00;0.0054;
315.00;2.80;0.0073;
315.00;2.60;0.0099;
315.00;2.40;0.0130;
315.00;2.20;0.0170;
315.00;2.00;0.0214;
315.00;1.80;0.0266;
315.00;1.60;0.0326;
315.00;1.40;0.0393;
315.00;1.20;0.0459;
315.00;1.00;0.0519;
315.00;0.80;0.0578;
315.00;0.60;0.0633;
315.00;0.40;0.0681;
315.00;0.20;0.0713;
315.00;0.00;0.0728;
320.00;10.00;0.0001;
320.00;9.80;0.0001;
320.00;9.60;0.0001;
320.00;9.40;0.0001;
320.00;9.20;0.0001;
320.00;9.00;0.0001;
320.00;8.80;0.0001;
320.00;8.60;0.0001;
320.00;8.40;0.0001;
320.00;8.20;0.0002;
320.00;8.00;0.0002;
320.00;7.80;0.0002;
320.00;7.60;0.0002;
320.00;7.40;0.0002;
320.00;7.20;0.0002;
320.00;7.00;0.0002;
320.00;6.80;0.0002;
320.00;6.60;0.0003;
320.00;6.40;0.0004;
320.00;6.20;0.0006;
320.00;6.00;0.0007;
320.00;5.80;0.0009;
320.00;5.60;0.0010;
320.00;5.40;0.0012;
320.00;5.20;0.0012;
320.00;5.00;0.0012;
320.00;4.80;0.0012;
320.00;4.60;0.0010;
320.00;4.40;0.0010;
320.00;4.20;0.0009;
320.00;4.00;0.0011;
320.00;3.80;0.0013;
320.00;3.60;0.0018;
320.00;3.40;0.0026;
320.00;3.20;0.0035;
320.00;3.00;0.0051;
320.00;2.80;0.0071;
320.00;2.60;0.0096;
320.00;2.40;0.0126;
320.00;2.20;0.0165;
320.00;2.00;0.0209;
320.00;1.80;0.0261;
320.00;1.60;0.0321;
320.00;1.40;0.0388;
320.00;1.20;0.0456;
320.00;1.00;0.0519;
320.00;0.80;0.0579;
320.00;0.60;0.0631;
320.00;0.40;0.0681;
320.00;0.20;0.0715;
320.00;0.00;0.0729;
325.00;10.00;0.0001;
325.00;9.80;0.0001;
325.00;9.60;0.0001;
325.00;9.40;0.0001;
325.00;9.20;0.0001;
325.00;9.00;0.0001;
325.00;8.80;0.0001;
325.00;8.60;0.0002;
325.00;8.40;0.0002;
325.00;8.20;0.0002;
325.00;8.00;0.0003;
325.00;7.80;0.0003;
325.00;7.60;0.0002;
325.00;7.40;0.0002;
325.00;7.20;0.0002;
325.00;7.00;0.0002;
325.00;6.80;0.0002;
325.00;6.60;0.0003;
325.00;6.40;0.0005;
325.00;6.20;0.0004;
325.00;6.00;0.0008;
325.00;5.80;0.0009;
325.00;5.60;0.0010;
325.00;5.40;0.0010;
325.00;5.20;0.0011;
325.00;5.00;0.0011;
325.00;4.80;0.0010;
325.00;4.60;0.0008;
325.00;4.40;0.0007;
325.00;4.20;0.0007;
325.00;4.00;0.0008;
325.00;3.80;0.0011;
325.00;3.60;0.0016;
325.00;3.40;0.0023;
325.00;3.20;0.0034;
325.00;3.00;0.0048;
325.00;2.80;0.0067;
325.00;2.60;0.0091;
325.00;2.40;0.0121;
325.00;2.20;0.0159;
325.00;2.00;0.0204;
325.00;1.80;0.0254;
325.00;1.60;0.0313;
325.00;1.40;0.0380;
325.00;1.20;0.0451;
325.00;1.00;0.0519;
325.00;0.80;0.0578;
325.00;0.60;0.0631;
325.00;0.40;0.0681;
325.00;0.20;0.0713;
325.00;0.00;0.0729;
330.00;10.00;0.0001;
330.00;9.80;0.0001;
330.00;9.60;0.0001;
330.00;9.40;0.0001;
330.00;9.20;0.0001;
330.00;9.00;0.0002;
330.00;8.80;0.0002;
330.00;8.60;0.0003;
330.00;8.40;0.0003;
330.00;8.20;0.0003;
330.00;8.00;0.0003;
330.00;7.80;0.0002;
330.00;7.60;0.0001;
330.00;7.40;0.0001;
330.00;7.20;0.0001;
330.00;7.00;0.0001;
330.00;6.80;0.0002;
330.00;6.60;0.0003;
330.00;6.40;0.0005;
330.00;6.20;0.0006;
330.00;6.00;0.0008;
330.00;5.80;0.0013;
330.00;5.60;0.0009;
330.00;5.40;0.0009;
330.00;5.20;0.0009;
330.00;5.00;0.0008;
330.00;4.80;0.0008;
330.00;4.60;0.0007;
330.00;4.40;0.0006;
330.00;4.20;0.0007;
330.00;4.00;0.0009;
330.00;3.80;0.0010;
330.00;3.60;0.0015;
330.00;3.40;0.0021;
330.00;3.20;0.0031;
330.00;3.00;0.0044;
330.00;2.80;0.0063;
330.00;2.60;0.0086;
330.00;2.40;0.0115;
330.00;2.20;0.0153;
330.00;2.00;0.0198;
330.00;1.80;0.0250;
330.00;1.60;0.0309;
330.00;1.40;0.0376;
330.00;1.20;0.0447;
330.00;1.00;0.0517;
330.00;0.80;0.0578;
330.00;0.60;0.0632;
330.00;0.40;0.0681;
330.00;0.20;0.0715;
330.00;0.00;0.0728;
335.00;10.00;0.0001;
335.00;9.80;0.0001;
335.00;9.60;0.0001;
335.00;9.40;0.0002;
335.00;9.20;0.0002;
335.00;9.00;0.0003;
335.00;8.80;0.0004;
335.00;8.60;0.0003;
335.00;8.40;0.0003;
335.00;8.20;0.0002;
335.00;8.00;0.0002;
335.00;7.80;0.0001;
335.00;7.60;0.0001;
335.00;7.40;0.0001;
335.00;7.20;0.0001;
335.00;7.00;0.0001;
335.00;6.80;0.0002;
335.00;6.60;0.0003;
335.00;6.40;0.0004;
335.00;6.20;0.0005;
335.00;6.00;0.0006;
335.00;5.80;0.0007;
335.00;5.60;0.0008;
335.00;5.40;0.0008;
335.00;5.20;0.0008;
335.00;5.00;0.0008;
335.00;4.80;0.0007;
335.00;4.60;0.0007;
335.00;4.40;0.0007;
335.00;4.20;0.0007;
335.00;4.00;0.0008;
335.00;3.80;0.0009;
335.00;3.60;0.0013;
335.00;3.40;0.0018;
335.00;3.20;0.0027;
335.00;3.00;0.0039;
335.00;2.80;0.0057;
335.00;2.60;0.0080;
335.00;2.40;0.0109;
335.00;2.20;0.0145;
335.00;2.00;0.0192;
335.00;1.80;0.0245;
335.00;1.60;0.0307;
335.00;1.40;0.0375;
335.00;1.20;0.0445;
335.00;1.00;0.0514;
335.00;0.80;0.0580;
335.00;0.60;0.0634;
335.00;0.40;0.0680;
335.00;0.20;0.0715;
335.00;0.00;0.0729;
340.00;10.00;0.0001;
340.00;9.80;0.0001;
340.00;9.60;0.0002;
340.00;9.40;0.0002;
340.00;9.20;0.0002;
340.00;9.00;0.0002;
340.00;8.80;0.0002;
340.00;8.60;0.0002;
340.00;8.40;0.0002;
340.00;8.20;0.0001;
340.00;8.00;0.0001;
340.00;7.80;0.0001;
340.00;7.60;0.0001;
340.00;7.40;0.0001;
340.00;7.20;0.0001;
340.00;7.00;0.0002;
340.00;6.80;0.0002;
340.00;6.60;0.0003;
340.00;6.40;0.0004;
340.00;6.20;0.0005;
340.00;6.00;0.0005;
340.00;5.80;0.0006;
340.00;5.60;0.0007;
340.00;5.40;0.0008;
340.00;5.20;0.0008;
340.00;5.00;0.0008;
340.00;4.80;0.0008;
340.00;4.60;0.0008;
340.00;4.40;0.0008;
340.00;4.20;0.0008;
340.00;4.00;0.0008;
340.00;3.80;0.0008;
340.00;3.60;0.0010;
340.00;3.40;0.0014;
340.00;3.20;0.0023;
340.00;3.00;0.0034;
340.00;2.80;0.0051;
340.00;2.60;0.0074;
340.00;2.40;0.0103;
340.00;2.20;0.0140;
340.00;2.00;0.0184;
340.00;1.80;0.0237;
340.00;1.60;0.0300;
340.00;1.40;0.0371;
340.00;1.20;0.0441;
340.00;1.00;0.0512;
340.00;0.80;0.0579;
340.00;0.60;0.0635;
340.00;0.40;0.0682;
340.00;0.20;0.0715;
340.00;0.00;0.0728;
345.00;10.00;0.0002;
345.00;9.80;0.0002;
345.00;9.60;0.0002;
345.00;9.40;0.0003;
345.00;9.20;0.0002;
345.00;9.00;0.0002;
345.00;8.80;0.0002;
345.00;8.60;0.0002;
345.00;8.40;0.0002;
345.00;8.20;0.0001;
345.00;8.00;0.0001;
345.00;7.80;0.0001;
345.00;7.60;0.0001;
345.00;7.40;0.0001;
345.00;7.20;0.0001;
345.00;7.00;0.0001;
345.00;6.80;0.0002;
345.00;6.60;0.0003;
345.00;6.40;0.0004;
345.00;6.20;0.0009;
345.00;6.00;0.0006;
345.00;5.80;0.0008;
345.00;5.60;0.0008;
345.00;5.40;0.0009;
345.00;5.20;0.0010;
345.00;5.00;0.0010;
345.00;4.80;0.0010;
345.00;4.60;0.0010;
345.00;4.40;0.0009;
345.00;4.20;0.0008;
345.00;4.00;0.0006;
345.00;3.80;0.0006;
345.00;3.60;0.0007;
345.00;3.40;0.0011;
345.00;3.20;0.0018;
345.00;3.00;0.0030;
345.00;2.80;0.0047;
345.00;2.60;0.0068;
345.00;2.40;0.0097;
345.00;2.20;0.0136;
345.00;2.00;0.0180;
345.00;1.80;0.0231;
345.00;1.60;0.0294;
345.00;1.40;0.0367;
345.00;1.20;0.0439;
345.00;1.00;0.0511;
345.00;0.80;0.0580;
345.00;0.60;0.0637;
345.00;0.40;0.0682;
345.00;0.20;0.0715;
345.00;0.00;0.0729;
350.00;10.00;0.0003;
350.00;9.80;0.0003;
350.00;9.60;0.0003;
350.00;9.40;0.0003;
350.00;9.20;0.0004;
350.00;9.00;0.0004;
350.00;8.80;0.0004;
350.00;8.60;0.0004;
350.00;8.40;0.0004;
350.00;8.20;0.0004;
350.00;8.00;0.0003;
350.00;7.80;0.0003;
350.00;7.60;0.0002;
350.00;7.40;0.0001;
350.00;7.20;0.0001;
350.00;7.00;0.0002;
350.00;6.80;0.0003;
350.00;6.60;0.0004;
350.00;6.40;0.0006;
350.00;6.20;0.0008;
350.00;6.00;0.0009;
350.00;5.80;0.0011;
350.00;5.60;0.0012;
350.00;5.40;0.0012;
350.00;5.20;0.0013;
350.00;5.00;0.0014;
350.00;4.80;0.0013;
350.00;4.60;0.0011;
350.00;4.40;0.0009;
350.00;4.20;0.0007;
350.00;4.00;0.0005;
350.00;3.80;0.0003;
350.00;3.60;0.0004;
350.00;3.40;0.0008;
350.00;3.20;0.0014;
350.00;3.00;0.0025;
350.00;2.80;0.0042;
350.00;2.60;0.0063;
350.00;2.40;0.0092;
350.00;2.20;0.0130;
350.00;2.00;0.0177;
350.00;1.80;0.0228;
350.00;1.60;0.0291;
350.00;1.40;0.0364;
350.00;1.20;0.0439;
350.00;1.00;0.0512;
350.00;0.80;0.0581;
350.00;0.60;0.0639;
350.00;0.40;0.0683;
350.00;0.20;0.0717;
350.00;0.00;0.0729;
355.00;10.00;0.0002;
355.00;9.80;0.0002;
355.00;9.60;0.0002;
355.00;9.40;0.0003;
355.00;9.20;0.0004;
355.00;9.00;0.0004;
355.00;8.80;0.0005;
355.00;8.60;0.0005;
355.00;8.40;0.0005;
355.00;8.20;0.0005;
355.00;8.00;0.0005;
355.00;7.80;0.0004;
355.00;7.60;0.0004;
355.00;7.40;0.0003;
355.00;7.20;0.0003;
355.00;7.00;0.0003;
355.00;6.80;0.0004;
355.00;6.60;0.0006;
355.00;6.40;0.0008;
355.00;6.20;0.0011;
355.00;6.00;0.0014;
355.00;5.80;0.0016;
355.00;5.60;0.0018;
355.00;5.40;0.0019;
355.00;5.20;0.0018;
355.00;5.00;0.0018;
355.00;4.80;0.0016;
355.00;4.60;0.0013;
355.00;4.40;0.0010;
355.00;4.20;0.0007;
355.00;4.00;0.0004;
355.00;3.80;0.0002;
355.00;3.60;0.0003;
355.00;3.40;0.0006;
355.00;3.20;0.0011;
355.00;3.00;0.0021;
355.00;2.80;0.0037;
355.00;2.60;0.0059;
355.00;2.40;0.0088;
355.00;2.20;0.0126;
355.00;2.00;0.0174;
355.00;1.80;0.0229;
355.00;1.60;0.0292;
355.00;1.40;0.0364;
355.00;1.20;0.0440;
355.00;1.00;0.0514;
355.00;0.80;0.0583;
355.00;0.60;0.0639;
355.00;0.40;0.0685;
355.00;0.20;0.0718;
355.00;0.00;0.0729;